INSERT INTO Bases (Base_ID, Base_Name, Location, Soldire_Number, Have_Air_Defense, Commander) VALUES
(1, 'Fort Bragg', 'North Carolina', 53000, true, 'General Michael Garrett'),
(2, 'Fort Campbell', 'Kentucky', 27000, true, 'Major General Brian Winski'),
(3, 'Fort Hood', 'Texas', 45000, true, 'Major General John Richardson IV'),
(4, 'Joint Base Lewis-McChord', 'Washington', 40000, true, 'Lieutenant General Randy George'),
(5, 'Fort Benning', 'Georgia', 12000, true, 'Major General Patrick Donahoe'),
(6, 'Fort Carson', 'Colorado', 14000, true, 'Major General Matthew McFarlane'),
(7, 'Fort Stewart', 'Georgia', 23000, true, 'Brigadier General Sean Bernabe'),
(8, 'Fort Riley', 'Kansas', 15000, true, 'Colonel Richard Ball'),
(9, 'Fort Bliss', 'Texas', 32000, true, 'Major General Matthew McFarlane'),
(10, 'Fort Drum', 'New York', 15000, true, 'Colonel Kenneth D. Harrison'),
(11, 'Camp Pendleton', 'California', 42000, false, 'Major General Roger Turner'),
(12, 'Camp Lejeune', 'North Carolina', 38000, false, 'Major General Julian Alford'),
(13, 'Marine Corps Base Quantico', 'Virginia', 7000, false, 'Brigadier General William Jurney'),
(14, 'Joint Base Andrews', 'Maryland', 4000, true, 'Colonel Tyler Schaff'),
(15, 'Edwards Air Force Base', 'California', 13000, true, 'Brigadier General Matthew Higer'),
(16, 'Eglin Air Force Base', 'Florida', 10000, true, 'Brigadier General Scott Cain'),
(17, 'Nellis Air Force Base', 'Texas', 8000, true, 'Colonel Todd Dyer'),
(18, 'Hill Air Force Base', 'Utah', 14000, true, 'Colonel Jenise Carroll'),
(19, 'Wright-Patterson Air Force Base', 'Ohio', 27000, true, 'Brigadier General John P. Newberry'),
(20, 'Naval Station Norfolk', 'Virginia', 67000, false, 'Rear Admiral Charles Rock'),
(21, 'Naval Air Station Pensacola', 'Florida', 16000, false, 'Captain Tim Kinsella Jr.'),
(22, 'Naval Air Station Whidbey Island', 'Washington', 7000, false, 'Captain Matthew Arny'),
(23, 'Naval Station San Diego', 'California', 24000, false, 'Rear Admiral Bette Bolivar'),
(24, 'Naval Air Station Fallon', 'Nevada', 3000, false, 'Captain Evan Morrison'),
(25, 'Naval Submarine Base Kings Bay', 'Georgia', 9000, true, 'Captain Chester Parks'),
(26, 'Naval Air Station Jacksonville', 'Florida', 10000, false, 'Captain Jeff Hill'),
(27, 'Naval Air Station Oceana', 'Virginia', 8000, false, 'Captain William M. Johnson'),
(28, 'Fort Knox', 'Kentucky', 12000, true, 'Colonel C.J. King'),
(29, 'Fort Polk', 'Louisiana', 8000, true, 'Colonel Ryan K. Roseberry'),
(30, 'Fort Irwin', 'California', 6000, true, 'Brigadier General Curt Taylor'),
(31, 'Fort Gordon', 'Georgia', 13000, true, 'Major General Paul T. Stanton'),
(32, 'Redstone Arsenal', 'Alabama', 43000, true, 'Major General Robert L. Rasch Jr.'),
(33, 'Fort Meade', 'Maryland', 56000, true, 'Colonel Tracy King'),
(34, 'Fort Detrick', 'Maryland', 10000, true, 'Colonel Dexter R. Nunnally'),
(35, 'Dover Air Force Base', 'Delaware', 3000, true, 'Colonel Matthew Husemann'),
(36, 'Tinker Air Force Base', 'Texas', 26000, true, 'Colonel G. Hall Sebren'),
(37, 'Langley Air Force Base', 'Virginia', 12000, true, 'Colonel David Lopez'),
(38, 'MacDill Air Force Base', 'Florida', 13000, true, 'Colonel Benjamin Jonsson'),
(39, 'Barksdale Air Force Base', 'Louisiana', 10000, true, 'Colonel Mark Dmytryszyn'),
(40, 'Offutt Air Force Base', 'Nebraska', 11000, true, 'Colonel Kristen Thompson'),
(41, 'Minot Air Force Base', 'North Dakota', 5000, true, 'Colonel Michael Walters'),
(42, 'Dyess Air Force Base', 'Texas', 4800, true, 'Colonel Joseph Kramer'),
(43, 'Fairchild Air Force Base', 'Washington', 6000, true, 'Colonel Cassius Bentley'),
(44, 'Ellsworth Air Force Base', 'South Dakota', 3800, true, 'Colonel Joseph Sheffield'),
(45, 'Joint Base Pearl Harbor-Hickam', 'Hawaii', 55000, false, 'Colonel Cara A. McElroy'),
(46, 'Schofield Barracks', 'Texas', 22000, true, 'Colonel Michael Schoenfeldt'),
(47, 'Fort Shafter', 'Hawaii', 7000, true, 'Colonel Travis Delk'),
(48, 'Joint Base San Antonio', 'Texas', 80000, true, 'Brigadier General Caroline Miller'),
(49, 'Joint Base Elmendorf-Richardson', 'Alaska', 12000, true, 'Colonel David Wilson'),
(50, 'Fort Lee', 'Virginia', 8000, true, 'Colonel Hollie Martin'),
(51, 'Fort Belvoir', 'Virginia', 8000, true, 'Colonel Josh SeGraves'),
(52, 'Camp Red Cloud', 'South Korea', 6000, true, 'Colonel Dennis Williams'),
(53, 'Camp Casey', 'South Korea', 7000, true, 'Colonel Brandon Newton'),
(54, 'Ramstein Air Base', 'Germany', 16000, true, 'Colonel Brian Conner'),
(55, 'Camp Bondsteel', 'Kosovo', 8000, true, 'Colonel Roy Macaraeg'),
(56, 'Thule Air Base', 'Greenland', 600, true, 'Colonel Timothy Bos'),
(57, 'Guantanamo Bay Naval Base', 'Cuba', 5000, true, 'Captain Samuel White'),
(58, 'Kadena Air Base', 'Texas', 18000, true, 'Colonel David Duncan'),
(59, 'Yokosuka Naval Base', 'Japan', 25000, true, 'Captain Rich Jarrett'),
(60, 'Andersen Air Force Base', 'Guam', 7000, true, 'Colonel Jeremy Sloan');



INSERT INTO Soldires (Soldire_ID, Base_ID, Soldire_name, Rank, Join_Date, age, Mission_Number) VALUES
(1, 1, 'John Smith', 'Sergeant', '2020-01-15', 30, 5),
(2, 1, 'Michael Johnson', 'Corporal', '2019-03-22', 28, 3),
(3, 2, 'David Williams', 'Lieutenant', '2018-06-30', 35, 4),
(4, 2, 'James Brown', 'Captain', '2019-09-12', 33, 6),
(5, 3, 'Robert Jones', 'Sergeant', '2021-02-14', 26, 2),
(6, 3, 'William Garcia', 'Private', '2020-11-05', 24, 1),
(7, 4, 'Daniel Martinez', 'Major', '2017-05-18', 37, 5),
(8, 4, 'Christopher Davis', 'Lieutenant', '2019-07-11', 29, 3),
(9, 5, 'Matthew Rodriguez', 'Sergeant', '2020-01-25', 32, 4),
(10, 5, 'Anthony Wilson', 'Corporal', '2018-10-10', 31, 2),
(11, 6, 'Mark Anderson', 'Major', '2017-08-20', 36, 6),
(12, 6, 'Donald Thomas', 'Captain', '2019-12-15', 28, 5),
(13, 7, 'Charles Taylor', 'Lieutenant', '2020-04-28', 27, 3),
(14, 7, 'Joseph Moore', 'Sergeant', '2021-01-10', 29, 1),
(15, 8, 'Thomas Jackson', 'Corporal', '2019-05-16', 30, 4),
(16, 8, 'Charles White', 'Private', '2020-10-14', 25, 2),
(17, 9, 'James Harris', 'Major', '2018-12-05', 38, 6),
(18, 9, 'Richard Martin', 'Captain', '2020-02-18', 32, 3),
(19, 10, 'David Thompson', 'Sergeant', '2019-03-30', 31, 4),
(20, 10, 'Steven Garcia', 'Lieutenant', '2021-11-02', 26, 1),
(21, 11, 'Andrew Martinez', 'Corporal', '2020-07-25', 29, 5),
(22, 11, 'Joshua Rodriguez', 'Sergeant', '2019-08-15', 33, 3),
(23, 12, 'Brian Lee', 'Major', '2018-09-21', 34, 6),
(24, 12, 'Kevin Walker', 'Lieutenant', '2020-05-10', 27, 4),
(25, 13, 'Jason Hall', 'Private', '2019-12-12', 25, 1),
(26, 13, 'Eric Young', 'Captain', '2021-03-11', 28, 2),
(27, 14, 'Daniel King', 'Sergeant', '2020-01-30', 31, 5),
(28, 14, 'Charles Wright', 'Corporal', '2019-04-25', 29, 3),
(29, 15, 'Matthew Scott', 'Lieutenant', '2018-07-20', 36, 4),
(30, 15, 'Anthony Green', 'Captain', '2019-11-15', 33, 6),
(31, 16, 'William Adams', 'Sergeant', '2020-02-28', 27, 2),
(32, 16, 'Joseph Nelson', 'Private', '2020-08-17', 24, 1),
(33, 17, 'David Carter', 'Major', '2017-06-01', 37, 5),
(34, 17, 'Daniel Mitchell', 'Lieutenant', '2019-09-18', 29, 3),
(35, 18, 'James Perez', 'Sergeant', '2020-03-15', 32, 4),
(36, 18, 'John Roberts', 'Corporal', '2018-10-30', 31, 2),
(37, 19, 'Michael Turner', 'Major', '2017-09-14', 36, 6),
(38, 19, 'Robert Phillips', 'Captain', '2020-01-20', 28, 5),
(39, 20, 'Christopher Campbell', 'Sergeant', '2019-04-12', 31, 4),
(40, 20, 'James Parker', 'Lieutenant', '2021-10-22', 26, 1),
(41, 21, 'Daniel Evans', 'Corporal', '2020-07-10', 29, 5),
(42, 21, 'Matthew Edwards', 'Sergeant', '2019-06-14', 33, 3),
(43, 22, 'David Collins', 'Major', '2018-08-29', 34, 6),
(44, 22, 'Jason Stewart', 'Lieutenant', '2020-05-08', 27, 4),
(45, 23, 'James Sanchez', 'Private', '2019-12-05', 25, 1),
(46, 23, 'Michael Morris', 'Captain', '2021-02-22', 28, 2),
(47, 24, 'William Rogers', 'Sergeant', '2020-01-15', 30, 5),
(48, 24, 'Brian Reed', 'Corporal', '2019-03-10', 28, 3),
(49, 25, 'Kevin Cook', 'Lieutenant', '2018-06-18', 35, 4),
(50, 25, 'Joshua Morgan', 'Captain', '2019-09-22', 33, 6),
(51, 26, 'Eric Bell', 'Sergeant', '2020-04-25', 26, 2),
(52, 26, 'Daniel Murphy', 'Private', '2020-11-14', 24, 1),
(53, 27, 'Anthony Cooper', 'Major', '2017-05-18', 37, 5),
(54, 27, 'Charles Cox', 'Lieutenant', '2019-07-11', 29, 3),
(55, 28, 'Robert Diaz', 'Sergeant', '2020-01-25', 32, 4),
(56, 28, 'Matthew Howard', 'Corporal', '2018-10-10', 31, 2),
(57, 29, 'James Ward', 'Major', '2017-08-20', 36, 6),
(58, 29, 'William Torres', 'Captain', '2019-12-15', 28, 5),
(59, 30, 'John Peterson', 'Lieutenant', '2020-04-28', 27, 3),
(60, 30, 'David Gray', 'Sergeant', '2021-01-10', 29, 1),
(61, 31, 'James Ramos', 'Corporal', '2020-06-15', 29, 5),
(62, 31, 'Joshua James', 'Sergeant', '2019-02-28', 33, 3),
(63, 32, 'Robert Watson', 'Major', '2018-11-20', 34, 6),
(64, 32, 'Daniel Brooks', 'Lieutenant', '2020-05-10', 27, 4),
(65, 33, 'William Kelly', 'Private', '2019-12-12', 25, 1),
(66, 33, 'Matthew Sanders', 'Captain', '2021-03-11', 28, 2),
(67, 34, 'John Price', 'Sergeant', '2020-01-30', 31, 5),
(68, 34, 'Anthony Bennett', 'Corporal', '2019-04-25', 29, 3),
(69, 35, 'Eric Wood', 'Lieutenant', '2018-07-20', 36, 4),
(70, 35, 'David Cooper', 'Captain', '2019-11-15', 33, 6),
(71, 36, 'Michael Powell', 'Sergeant', '2020-02-28', 27, 2),
(72, 36, 'Jason Rivera', 'Private', '2020-08-17', 24, 1),
(73, 37, 'Daniel Richardson', 'Major', '2017-06-01', 37, 5),
(74, 37, 'Christopher Ortiz', 'Lieutenant', '2019-09-18', 29, 3),
(75, 38, 'Matthew Foster', 'Sergeant', '2020-03-15', 32, 4),
(76, 38, 'James Ross', 'Corporal', '2018-10-30', 31, 2),
(77, 39, 'Robert Patterson', 'Major', '2017-09-14', 36, 6),
(78, 39, 'William Hughes', 'Captain', '2020-01-20', 28, 5),
(79, 40, 'David Flores', 'Sergeant', '2019-04-12', 31, 4),
(80, 40, 'James Russell', 'Lieutenant', '2021-10-22', 26, 1),
(81, 41, 'Matthew Howard', 'Corporal', '2020-07-10', 29, 5),
(82, 41, 'Anthony Chapman', 'Sergeant', '2019-06-14', 33, 3),
(83, 42, 'Joshua Garza', 'Major', '2018-08-29', 34, 6),
(84, 42, 'Michael Freeman', 'Lieutenant', '2020-05-08', 27, 4),
(85, 43, 'David Guzman', 'Private', '2019-12-15', 25, 1),
(86, 43, 'John Bryant', 'Captain', '2021-02-19', 28, 2),
(87, 44, 'Christopher Alexander', 'Sergeant', '2020-03-01', 30, 5),
(88, 44, 'James Mason', 'Corporal', '2019-06-20', 28, 3),
(89, 45, 'Robert Bennett', 'Lieutenant', '2018-10-15', 35, 4),
(90, 45, 'William Hayes', 'Captain', '2019-12-20', 33, 6),
(91, 46, 'John Cooper', 'Sergeant', '2020-01-10', 26, 2),
(92, 46, 'David Cox', 'Private', '2020-08-12', 24, 1),
(93, 47, 'James Ward', 'Major', '2017-09-14', 37, 5),
(94, 47, 'Robert Fisher', 'Lieutenant', '2019-11-18', 29, 3),
(95, 48, 'Michael Butler', 'Sergeant', '2020-02-22', 32, 4),
(96, 48, 'Daniel Barnes', 'Corporal', '2018-12-10', 31, 2),
(97, 49, 'James Rivera', 'Major', '2017-07-14', 36, 6),
(98, 49, 'John Henderson', 'Captain', '2020-01-20', 28, 5),
(99, 50, 'David Coleman', 'Sergeant', '2019-05-12', 31, 4),
(100, 50, 'Michael Jenkins', 'Lieutenant', '2021-09-15', 26, 1),
(101, 51, 'James Perry', 'Corporal', '2020-08-18', 29, 5),
(102, 51, 'William Powell', 'Sergeant', '2019-04-15', 33, 3),
(103, 52, 'Christopher Long', 'Major', '2018-09-29', 34, 6),
(104, 52, 'John Patterson', 'Lieutenant', '2020-06-05', 27, 4),
(105, 53, 'Daniel Hughes', 'Private', '2019-12-25', 25, 1),
(106, 53, 'David Flores', 'Captain', '2021-03-15', 28, 2),
(107, 54, 'Robert Simmons', 'Sergeant', '2020-02-10', 31, 5),
(108, 54, 'Michael Foster', 'Corporal', '2019-07-05', 29, 3),
(109, 55, 'John Washington', 'Lieutenant', '2018-11-10', 36, 4),
(110, 55, 'James Butler', 'Captain', '2019-12-25', 33, 6),
(111, 56, 'David Bryant', 'Sergeant', '2020-01-18', 27, 2),
(112, 56, 'Daniel Brown', 'Private', '2020-09-15', 24, 1),
(113, 57, 'Christopher King', 'Major', '2017-06-20', 37, 5),
(114, 57, 'James Scott', 'Lieutenant', '2019-08-25', 29, 3),
(115, 58, 'John Adams', 'Sergeant', '2020-04-12', 32, 4),
(116, 58, 'Michael Thomas', 'Corporal', '2018-12-15', 31, 2),
(117, 59, 'Daniel Nelson', 'Major', '2017-11-12', 36, 6),
(118, 59, 'James White', 'Captain', '2020-02-28', 28, 5),
(119, 60, 'John Harris', 'Sergeant', '2019-03-20', 31, 4),
(120, 60, 'Robert Martin', 'Lieutenant', '2021-07-10', 26, 1);




INSERT INTO Units (Unit_ID, Base_ID, Unit_type, Unit_model, Create_Year, Missions_Number) VALUES
(1, 1, 'Tank', 'M1 Abrams', '2010-05-15', 12),
(2, 1, 'Helicopter', 'AH-64 Apache', '2015-03-20', 8),
(3, 1, 'Aircraft', 'F-16 Fighting Falcon', '2018-07-11', 15),
(4, 2, 'Tank', 'Leopard 2', '2011-06-10', 10),
(5, 2, 'Helicopter', 'UH-60 Black Hawk', '2014-09-01', 14),
(6, 2, 'Aircraft', 'C-130 Hercules', '2019-02-18', 7),
(7, 3, 'Tank', 'Challenger 2', '2009-11-25', 20),
(8, 3, 'Helicopter', 'Bell AH-1 Cobra', '2013-04-16', 9),
(9, 3, 'Aircraft', 'F/A-18 Hornet', '2017-10-30', 6),
(10, 4, 'Tank', 'T-90', '2010-12-12', 11),
(11, 4, 'Helicopter', 'Mi-24', '2015-02-25', 5),
(12, 4, 'Aircraft', 'Sukhoi Su-30', '2018-08-09', 18),
(13, 5, 'Tank', 'Leclerc', '2012-05-22', 13),
(14, 5, 'Helicopter', 'Eurocopter Tiger', '2016-03-15', 10),
(15, 5, 'Aircraft', 'Eurofighter Typhoon', '2019-01-10', 22),
(16, 6, 'Tank', 'Merkava', '2008-04-04', 16),
(17, 6, 'Helicopter', 'AH-1Z Viper', '2013-12-01', 14),
(18, 6, 'Aircraft', 'Boeing 737', '2020-06-05', 4),
(19, 7, 'Tank', 'PT-91', '2011-07-21', 15),
(20, 7, 'Helicopter', 'Kamov Ka-52', '2014-09-10', 7),
(21, 7, 'Aircraft', 'Dassault Rafale', '2019-03-13', 9),
(22, 8, 'Tank', 'T-72', '2010-06-14', 10),
(23, 8, 'Helicopter', 'Mi-28', '2015-10-25', 6),
(24, 8, 'Aircraft', 'Boeing 747', '2018-02-28', 8),
(25, 9, 'Tank', 'ZTZ-99', '2011-11-30', 20),
(26, 9, 'Helicopter', 'Z-10', '2016-03-12', 12),
(27, 9, 'Aircraft', 'Chengdu J-10', '2019-05-15', 15),
(28, 10, 'Tank', 'K2 Black Panther', '2010-09-18', 8),
(29, 10, 'Helicopter', 'AH-64E Apache Guardian', '2014-01-14', 11),
(30, 10, 'Aircraft', 'F-15 Eagle', '2017-12-22', 19),
(31, 11, 'Tank', 'T-80', '2009-10-10', 14),
(32, 11, 'Helicopter', 'Mi-171', '2012-08-05', 6),
(33, 11, 'Aircraft', 'Boeing KC-135', '2019-11-20', 5),
(34, 12, 'Tank', 'Leopard 1', '2011-04-12', 15),
(35, 12, 'Helicopter', 'Gazelle', '2015-06-30', 9),
(36, 12, 'Aircraft', 'F-22 Raptor', '2018-09-18', 16),
(37, 13, 'Tank', 'Challenger 1', '2009-12-15', 10),
(38, 13, 'Helicopter', 'Sea King', '2014-11-01', 8),
(39, 13, 'Aircraft', 'F-14 Tomcat', '2017-03-14', 12),
(40, 14, 'Tank', 'T-55', '2010-01-01', 13),
(41, 14, 'Helicopter', 'Mi-8', '2015-05-10', 7),
(42, 14, 'Aircraft', 'Lockheed Martin F-35', '2019-04-22', 18),
(43, 15, 'Tank', 'M60 Patton', '2011-08-21', 12),
(44, 15, 'Helicopter', 'Sikorsky CH-53', '2016-07-28', 6),
(45, 15, 'Aircraft', 'McDonnell Douglas F-15', '2018-10-13', 14),
(46, 16, 'Tank', 'K1 Abrams', '2012-02-20', 10),
(47, 16, 'Helicopter', 'CH-47 Chinook', '2015-09-10', 9),
(48, 16, 'Aircraft', 'F-5 Tiger II', '2019-12-30', 7),
(49, 17, 'Tank', 'FV4034 Challenger 2', '2009-11-11', 15),
(50, 17, 'Helicopter', 'Sikorsky UH-60', '2013-06-20', 8),
(51, 17, 'Aircraft', 'Boeing E-3 Sentry', '2018-08-15', 13),
(52, 18, 'Tank', 'M113', '2011-03-15', 12),
(53, 18, 'Helicopter', 'Mi-26', '2015-07-22', 5),
(54, 18, 'Aircraft', 'Boeing P-8 Poseidon', '2019-01-30', 6),
(55, 19, 'Tank', 'T-14 Armata', '2010-12-30', 14),
(56, 19, 'Helicopter', 'AH-64 Apache Longbow', '2014-04-05', 9),
(57, 19, 'Aircraft', 'Lockheed C-130', '2019-03-19', 11),
(58, 20, 'Tank', 'Leopard 2A6', '2011-09-10', 16),
(59, 20, 'Helicopter', 'Boeing AH-64E', '2015-01-22', 7),
(60, 20, 'Aircraft', 'Northrop F-5', '2019-11-07', 12),
(61, 21, 'Tank', 'T-90A', '2012-06-25', 10),
(62, 21, 'Helicopter', 'Sikorsky S-70', '2016-05-05', 6),
(63, 21, 'Aircraft', 'Dassault Mirage 2000', '2018-09-21', 14),
(64, 22, 'Tank', 'M4 Sherman', '2009-08-20', 15),
(65, 22, 'Helicopter', 'Mil Mi-24', '2014-12-17', 11),
(66, 22, 'Aircraft', 'Grumman F-14', '2019-05-25', 13),
(67, 23, 'Tank', 'T-62', '2011-01-01', 12),
(68, 23, 'Helicopter', 'Sikorsky UH-60 Black Hawk', '2015-03-18', 8),
(69, 23, 'Aircraft', 'McDonnell Douglas DC-10', '2019-10-30', 9),
(70, 24, 'Tank', 'Type 99', '2012-11-14', 14),
(71, 24, 'Helicopter', 'Eurocopter AS350', '2016-08-16', 5),
(72, 24, 'Aircraft', 'Lockheed Martin F-16', '2019-02-28', 11),
(73, 25, 'Tank', 'K2', '2010-05-19', 13),
(74, 25, 'Helicopter', 'Sikorsky S-76', '2014-04-12', 7),
(75, 25, 'Aircraft', 'Boeing 767', '2019-11-01', 8),
(76, 26, 'Tank', 'Type 90', '2011-06-10', 10),
(77, 26, 'Helicopter', 'Bell 412', '2015-07-25', 9),
(78, 26, 'Aircraft', 'Airbus A400M', '2018-10-13', 16),
(79, 27, 'Tank', 'T-80U', '2009-12-05', 15),
(80, 27, 'Helicopter', 'AgustaWestland AW159', '2013-02-17', 6),
(81, 27, 'Aircraft', 'Boeing 787', '2019-06-30', 12),
(82, 28, 'Tank', 'M1A2', '2012-01-20', 11),
(83, 28, 'Helicopter', 'Eurocopter AS532', '2016-09-14', 8),
(84, 28, 'Aircraft', 'Lockheed Martin C-5M', '2019-03-04', 9),
(85, 29, 'Tank', 'T-14 Armata', '2010-10-02', 14),
(86, 29, 'Helicopter', 'Mi-35', '2014-05-09', 7),
(87, 29, 'Aircraft', 'Embraer E-190', '2019-08-27', 13),
(88, 30, 'Tank', 'T-55A', '2011-02-28', 10),
(89, 30, 'Helicopter', 'Bell 429', '2015-08-19', 6),
(90, 30, 'Aircraft', 'Boeing 737 MAX', '2019-12-01', 8),
(91, 31, 'Tank', 'M60A3', '2009-07-14', 16),
(92, 31, 'Helicopter', 'AH-1W Super Cobra', '2013-11-15', 8),
(93, 31, 'Aircraft', 'F-35 Lightning II', '2019-04-23', 14),
(94, 32, 'Tank', 'T-72B', '2011-01-18', 10),
(95, 32, 'Helicopter', 'Boeing CH-47', '2015-02-11', 5),
(96, 32, 'Aircraft', 'Northrop Grumman Global Hawk', '2019-11-13', 11),
(97, 33, 'Tank', 'M1A1', '2012-06-30', 12),
(98, 33, 'Helicopter', 'Bell 212', '2016-01-24', 7),
(99, 33, 'Aircraft', 'Sikorsky S-92', '2019-08-14', 9),
(100, 34, 'Tank', 'Challenger 1', '2009-10-12', 11),
(101, 34, 'Helicopter', 'Mi-26', '2013-06-15', 6),
(102, 34, 'Aircraft', 'Boeing 757', '2019-03-28', 14),
(103, 35, 'Tank', 'T-90', '2010-12-05', 10),
(104, 35, 'Helicopter', 'Mi-8MTV', '2014-09-08', 9),
(105, 35, 'Aircraft', 'Boeing 767-300', '2019-07-21', 8),
(106, 36, 'Tank', 'Leopard 2A4', '2012-05-15', 12),
(107, 36, 'Helicopter', 'Mi-24P', '2016-03-22', 5),
(108, 36, 'Aircraft', 'Lockheed Martin C-130J', '2019-12-05', 11),
(109, 37, 'Tank', 'T-72M', '2009-08-28', 14),
(110, 37, 'Helicopter', 'AH-64D', '2013-04-20', 8),
(111, 37, 'Aircraft', 'Boeing 747-8', '2019-01-18', 10),
(112, 38, 'Tank', 'M2 Bradley', '2011-01-05', 12),
(113, 38, 'Helicopter', 'Bell AH-1Z', '2015-10-12', 7),
(114, 38, 'Aircraft', 'Lockheed Martin F-16 Fighting Falcon', '2019-06-28', 9),
(115, 39, 'Tank', 'ZTZ-96', '2012-11-14', 11),
(116, 39, 'Helicopter', 'Sikorsky CH-53E', '2016-04-15', 5),
(117, 39, 'Aircraft', 'Northrop F-5E', '2019-10-20', 8),
(118, 40, 'Tank', 'Type 96', '2009-10-22', 13),
(119, 40, 'Helicopter', 'Bell 407', '2013-07-01', 9),
(120, 40, 'Aircraft', 'Boeing E-767', '2019-08-05', 11),
(121, 41, 'Tank', 'T-80U', '2010-12-15', 10),
(122, 41, 'Helicopter', 'CH-53G', '2015-03-29', 6),
(123, 41, 'Aircraft', 'F-16C', '2019-02-14', 12),
(124, 42, 'Tank', 'Challenger 2', '2011-11-10', 15),
(125, 42, 'Helicopter', 'Mi-24V', '2015-09-01', 9),
(126, 42, 'Aircraft', 'McDonnell Douglas DC-9', '2019-04-21', 10),
(127, 43, 'Tank', 'K2 Black Panther', '2012-01-01', 8),
(128, 43, 'Helicopter', 'Agusta A129', '2016-05-11', 6),
(129, 43, 'Aircraft', 'Boeing 757-200', '2019-10-22', 14),
(130, 44, 'Tank', 'M60A1', '2009-09-20', 12),
(131, 44, 'Helicopter', 'Bell 230', '2013-02-14', 7),
(132, 44, 'Aircraft', 'Sukhoi Su-34', '2019-11-17', 15),
(133, 45, 'Tank', 'T-84', '2012-04-14', 14),
(134, 45, 'Helicopter', 'Mi-17', '2015-12-15', 8),
(135, 45, 'Aircraft', 'F-35A', '2019-06-30', 12),
(136, 46, 'Tank', 'M3 Lee', '2011-10-01', 11),
(137, 46, 'Helicopter', 'Bell 222', '2015-05-06', 9),
(138, 46, 'Aircraft', 'Embraer KC-390', '2019-01-23', 13),
(139, 47, 'Tank', 'T-34', '2010-01-12', 8),
(140, 47, 'Helicopter', 'Sikorsky S-70', '2015-06-10', 7),
(141, 47, 'Aircraft', 'Boeing 737-800', '2019-09-18', 10),
(142, 48, 'Tank', 'M4A3', '2009-05-23', 12),
(143, 48, 'Helicopter', 'Bell 206', '2013-08-21', 5),
(144, 48, 'Aircraft', 'Lockheed Martin F-117', '2019-04-17', 14),
(145, 49, 'Tank', 'T-90MS', '2012-12-28', 13),
(146, 49, 'Helicopter', 'Mi-35M', '2015-11-18', 9),
(147, 49, 'Aircraft', 'Sukhoi Su-57', '2019-07-02', 11),
(148, 50, 'Tank', 'K1A1', '2011-02-03', 10),
(149, 50, 'Helicopter', 'Eurocopter EC635', '2016-03-05', 8),
(150, 50, 'Aircraft', 'Boeing 787-9', '2019-01-29', 10),
(151, 51, 'Tank', 'T-90AM', '2010-03-15', 15),
(152, 51, 'Helicopter', 'Sikorsky S-76D', '2015-12-20', 5),
(153, 51, 'Aircraft', 'Boeing 767-200', '2019-06-14', 13),
(154, 52, 'Tank', 'Challenger 2', '2012-08-30', 12),
(155, 52, 'Helicopter', 'Mi-26T', '2016-11-15', 9),
(156, 52, 'Aircraft', 'Lockheed Martin C-17', '2019-03-10', 11),
(157, 53, 'Tank', 'T-90', '2010-12-05', 10),
(158, 53, 'Helicopter', 'Mi-8MT', '2015-04-24', 8),
(159, 53, 'Aircraft', 'Sukhoi Su-30MKA', '2019-02-16', 14),
(160, 54, 'Tank', 'M1A1', '2011-01-22', 15),
(161, 54, 'Helicopter', 'AH-64', '2015-07-11', 6),
(162, 54, 'Aircraft', 'F/A-18 Super Hornet', '2019-08-30', 9),
(163, 55, 'Tank', 'M4A2', '2009-10-01', 12),
(164, 55, 'Helicopter', 'Bell 429', '2013-12-30', 5),
(165, 55, 'Aircraft', 'Boeing C-40', '2019-11-08', 11),
(166, 56, 'Tank', 'T-72A', '2012-09-09', 10),
(167, 56, 'Helicopter', 'Mi-24P', '2015-05-15', 6),
(168, 56, 'Aircraft', 'Northrop Grumman MQ-4C', '2019-07-27', 14),
(169, 57, 'Tank', 'Leopard 1A5', '2010-08-15', 12),
(170, 57, 'Helicopter', 'Mi-28N', '2014-06-24', 5),
(171, 57, 'Aircraft', 'Boeing P-8A Poseidon', '2019-09-12', 8),
(172, 58, 'Tank', 'T-80UK', '2011-05-01', 13),
(173, 58, 'Helicopter', 'AH-64E', '2015-10-18', 9),
(174, 58, 'Aircraft', 'F-16I Sufa', '2019-02-22', 10),
(175, 59, 'Tank', 'Type 96A', '2009-03-30', 14),
(176, 59, 'Helicopter', 'Bell 412EP', '2014-11-27', 8),
(177, 59, 'Aircraft', 'Embraer ERJ-145', '2019-06-05', 11),
(178, 60, 'Tank', 'K2 Black Panther', '2010-01-01', 15),
(179, 60, 'Helicopter', 'Boeing CH-47D', '2015-12-19', 6),
(180, 60, 'Aircraft', 'Lockheed Martin F-22', '2019-03-14', 9);




INSERT INTO Equipments (Equipment_ID, Base_ID, Unit_ID_Uses, Equipment_type, Equipment_model, quantity) VALUES
(1, 1, 1, 'Communication Equipment', 'Harris RF-7800', 20),
(2, 1, 2, 'Weapon', 'M16 Rifle', 50),
(3, 1, 3, 'Vehicle', 'Humvee', 15),
(4, 2, 4, 'Communication Equipment', 'Motorola APX', 25),
(5, 2, 5, 'Weapon', 'M4 Carbine', 60),
(6, 2, 6, 'Vehicle', 'Light Armored Vehicle', 10),
(7, 3, 7, 'Communication Equipment', 'Kenwood NX-5000', 30),
(8, 3, 8, 'Weapon', 'M249 SAW', 40),
(9, 3, 9, 'Vehicle', 'MRAP', 8),
(10, 4, 10, 'Communication Equipment', 'Thales ANPRC-148', 28),
(11, 4, 11, 'Weapon', 'FN SCAR', 45),
(12, 4, 12, 'Vehicle', 'Tank', 12),
(13, 5, 13, 'Communication Equipment', 'Icom IC-7300', 35),
(14, 5, 14, 'Weapon', 'AK-47', 55),
(15, 5, 15, 'Vehicle', 'Armored Truck', 6),
(16, 6, 16, 'Communication Equipment', 'Harris RF-3130', 22),
(17, 6, 17, 'Weapon', 'Glock 19', 70),
(18, 6, 18, 'Vehicle', 'Reconnaissance Vehicle', 9),
(19, 7, 19, 'Communication Equipment', 'Motorola XPR 7550', 18),
(20, 7, 20, 'Weapon', 'Browning M2', 30),
(21, 7, 21, 'Vehicle', 'Supply Truck', 14),
(22, 8, 22, 'Communication Equipment', 'Yaesu FT-991', 16),
(23, 8, 23, 'Weapon', 'Remington 870', 25),
(24, 8, 24, 'Vehicle', 'Cargo Truck', 12),
(25, 9, 25, 'Communication Equipment', 'Tait TP9300', 20),
(26, 9, 26, 'Weapon', 'SIG P320', 45),
(27, 9, 27, 'Vehicle', 'Light Tactical Vehicle', 8),
(28, 10, 28, 'Communication Equipment', 'Icom IC-F3400D', 21),
(29, 10, 29, 'Weapon', 'Colt 1911', 35),
(30, 10, 30, 'Vehicle', 'Heavy Truck', 7),
(31, 11, 31, 'Communication Equipment', 'Hytera PD785', 19),
(32, 11, 32, 'Weapon', 'HK MP5', 30),
(33, 11, 33, 'Vehicle', 'Mobile Command Center', 5),
(34, 12, 34, 'Communication Equipment', 'Vertex Standard VX-231', 27),
(35, 12, 35, 'Weapon', 'Mossberg 500', 42),
(36, 12, 36, 'Vehicle', 'Command Vehicle', 3),
(37, 13, 37, 'Communication Equipment', 'Zetron 2550', 26),
(38, 13, 38, 'Weapon', 'Barrett M82', 11),
(39, 13, 39, 'Vehicle', 'Tactical Vehicle', 4),
(40, 14, 40, 'Communication Equipment', 'Kenwood NX-7000', 23),
(41, 14, 41, 'Weapon', 'FN FAL', 31),
(42, 14, 42, 'Vehicle', 'Fast Attack Vehicle', 6),
(43, 15, 43, 'Communication Equipment', 'Icom IC-7300', 15),
(44, 15, 44, 'Weapon', 'M107', 13),
(45, 15, 45, 'Vehicle', 'Heavy Equipment Transporter', 2),
(46, 16, 46, 'Communication Equipment', 'Harris RF-5800', 24),
(47, 16, 47, 'Weapon', 'Tavor X95', 20),
(48, 16, 48, 'Vehicle', 'Patrol Vehicle', 11),
(49, 17, 49, 'Communication Equipment', 'Motorola SL300', 22),
(50, 17, 50, 'Weapon', 'M4A1', 15),
(51, 17, 51, 'Vehicle', 'Forward Command Post', 3),
(52, 18, 52, 'Communication Equipment', 'Thales PRC-148', 18),
(53, 18, 53, 'Weapon', 'Steyr AUG', 35),
(54, 18, 54, 'Vehicle', 'Mobile Supply Unit', 8),
(55, 19, 55, 'Communication Equipment', 'Yaesu FT-60R', 30),
(56, 19, 56, 'Weapon', 'Springfield M1903', 12),
(57, 19, 57, 'Vehicle', 'ATV', 6),
(58, 20, 58, 'Communication Equipment', 'Kenwood TH-D72', 28),
(59, 20, 59, 'Weapon', 'Beretta M9', 40),
(60, 20, 60, 'Vehicle', 'Field Ambulance', 5),
(61, 21, 61, 'Communication Equipment', 'Motorola APX', 25),
(62, 21, 62, 'Weapon', 'M4 Carbine', 60),
(63, 21, 63, 'Vehicle', 'Light Armored Vehicle', 10),
(64, 22, 64, 'Communication Equipment', 'Kenwood NX-5000', 30),
(65, 22, 65, 'Weapon', 'M249 SAW', 40),
(66, 22, 66, 'Vehicle', 'MRAP', 8),
(67, 23, 67, 'Communication Equipment', 'Harris RF-3130', 22),
(68, 23, 68, 'Weapon', 'FN SCAR', 45),
(69, 23, 69, 'Vehicle', 'Tank', 12),
(70, 24, 70, 'Communication Equipment', 'Icom IC-7300', 35),
(71, 24, 71, 'Weapon', 'AK-47', 55),
(72, 24, 72, 'Vehicle', 'Armored Truck', 6),
(73, 25, 73, 'Communication Equipment', 'Harris RF-5800', 24),
(74, 25, 74, 'Weapon', 'Glock 19', 70),
(75, 25, 75, 'Vehicle', 'Reconnaissance Vehicle', 9),
(76, 26, 76, 'Communication Equipment', 'Motorola XPR 7550', 18),
(77, 26, 77, 'Weapon', 'Browning M2', 30),
(78, 26, 78, 'Vehicle', 'Supply Truck', 14),
(79, 27, 79, 'Communication Equipment', 'Yaesu FT-991', 16),
(80, 27, 80, 'Weapon', 'Remington 870', 25),
(81, 27, 81, 'Vehicle', 'Cargo Truck', 12),
(82, 28, 82, 'Communication Equipment', 'Tait TP9300', 20),
(83, 28, 83, 'Weapon', 'SIG P320', 45),
(84, 28, 84, 'Vehicle', 'Light Tactical Vehicle', 8),
(85, 29, 85, 'Communication Equipment', 'Icom IC-F3400D', 21),
(86, 29, 86, 'Weapon', 'Colt 1911', 35),
(87, 29, 87, 'Vehicle', 'Heavy Truck', 7),
(88, 30, 88, 'Communication Equipment', 'Hytera PD785', 19),
(89, 30, 89, 'Weapon', 'HK MP5', 30),
(90, 30, 90, 'Vehicle', 'Mobile Command Center', 5),
(91, 31, 91, 'Communication Equipment', 'Vertex Standard VX-231', 27),
(92, 31, 92, 'Weapon', 'Mossberg 500', 42),
(93, 31, 93, 'Vehicle', 'Command Vehicle', 3),
(94, 32, 94, 'Communication Equipment', 'Kenwood NX-7000', 23),
(95, 32, 95, 'Weapon', 'FN FAL', 31),
(96, 32, 96, 'Vehicle', 'Fast Attack Vehicle', 6),
(97, 33, 97, 'Communication Equipment', 'Icom IC-7300', 15),
(98, 33, 98, 'Weapon', 'M107', 13),
(99, 33, 99, 'Vehicle', 'Heavy Equipment Transporter', 2),
(100, 34, 100, 'Communication Equipment', 'Harris RF-5800', 24),
(101, 34, 101, 'Weapon', 'Tavor X95', 20),
(102, 34, 102, 'Vehicle', 'Patrol Vehicle', 11),
(103, 35, 103, 'Communication Equipment', 'Motorola SL300', 22),
(104, 35, 104, 'Weapon', 'M4A1', 15),
(105, 35, 105, 'Vehicle', 'Forward Command Post', 3),
(106, 36, 106, 'Communication Equipment', 'Thales PRC-148', 18),
(107, 36, 107, 'Weapon', 'Steyr AUG', 35),
(108, 36, 108, 'Vehicle', 'Mobile Supply Unit', 8),
(109, 37, 109, 'Communication Equipment', 'Yaesu FT-60R', 30),
(110, 37, 110, 'Weapon', 'Springfield M1903', 12),
(111, 37, 111, 'Vehicle', 'ATV', 6),
(112, 38, 112, 'Communication Equipment', 'Kenwood TH-D72', 28),
(113, 38, 113, 'Weapon', 'Beretta M9', 40),
(114, 38, 114, 'Vehicle', 'Field Ambulance', 5),
(115, 39, 115, 'Communication Equipment', 'Motorola APX', 25),
(116, 39, 116, 'Weapon', 'M4 Carbine', 60),
(117, 39, 117, 'Vehicle', 'Light Armored Vehicle', 10),
(118, 40, 118, 'Communication Equipment', 'Kenwood NX-5000', 30),
(119, 40, 119, 'Weapon', 'M249 SAW', 40),
(120, 40, 120, 'Vehicle', 'MRAP', 8),
(121, 41, 121, 'Communication Equipment', 'Harris RF-3130', 22),
(122, 41, 122, 'Weapon', 'FN SCAR', 45),
(123, 41, 123, 'Vehicle', 'Tank', 12),
(124, 42, 124, 'Communication Equipment', 'Icom IC-7300', 35),
(125, 42, 125, 'Weapon', 'AK-47', 55),
(126, 42, 126, 'Vehicle', 'Armored Truck', 6),
(127, 43, 127, 'Communication Equipment', 'Harris RF-5800', 24),
(128, 43, 128, 'Weapon', 'Glock 19', 70),
(129, 43, 129, 'Vehicle', 'Reconnaissance Vehicle', 9),
(130, 44, 130, 'Communication Equipment', 'Motorola XPR 7550', 18),
(131, 44, 131, 'Weapon', 'Browning M2', 30),
(132, 44, 132, 'Vehicle', 'Supply Truck', 14),
(133, 45, 133, 'Communication Equipment', 'Yaesu FT-991', 16),
(134, 45, 134, 'Weapon', 'Remington 870', 25),
(135, 45, 135, 'Vehicle', 'Cargo Truck', 12),
(136, 46, 136, 'Communication Equipment', 'Tait TP9300', 20),
(137, 46, 137, 'Weapon', 'SIG P320', 45),
(138, 46, 138, 'Vehicle', 'Light Tactical Vehicle', 8),
(139, 47, 139, 'Communication Equipment', 'Icom IC-F3400D', 21),
(140, 47, 140, 'Weapon', 'Colt 1911', 35),
(141, 47, 141, 'Vehicle', 'Heavy Truck', 7),
(142, 48, 142, 'Communication Equipment', 'Hytera PD785', 19),
(143, 48, 143, 'Weapon', 'HK MP5', 30),
(144, 48, 144, 'Vehicle', 'Mobile Command Center', 5),
(145, 49, 145, 'Communication Equipment', 'Vertex Standard VX-231', 27),
(146, 49, 146, 'Weapon', 'Mossberg 500', 42),
(147, 49, 147, 'Vehicle', 'Command Vehicle', 3),
(148, 50, 148, 'Communication Equipment', 'Kenwood NX-7000', 23),
(149, 50, 149, 'Weapon', 'FN FAL', 31),
(150, 50, 150, 'Vehicle', 'Fast Attack Vehicle', 6),
(151, 51, 151, 'Communication Equipment', 'Icom IC-7300', 15),
(152, 51, 152, 'Weapon', 'M107', 13),
(153, 51, 153, 'Vehicle', 'Heavy Equipment Transporter', 2),
(154, 52, 154, 'Communication Equipment', 'Harris RF-5800', 24),
(155, 52, 155, 'Weapon', 'Tavor X95', 20),
(156, 52, 156, 'Vehicle', 'Patrol Vehicle', 11),
(157, 53, 157, 'Communication Equipment', 'Motorola SL300', 22),
(158, 53, 158, 'Weapon', 'M4A1', 15),
(159, 53, 159, 'Vehicle', 'Forward Command Post', 3),
(160, 54, 160, 'Communication Equipment', 'Thales PRC-148', 18),
(161, 54, 161, 'Weapon', 'Steyr AUG', 35),
(162, 54, 162, 'Vehicle', 'Mobile Supply Unit', 8),
(163, 55, 163, 'Communication Equipment', 'Yaesu FT-60R', 30),
(164, 55, 164, 'Weapon', 'Springfield M1903', 12),
(165, 55, 165, 'Vehicle', 'ATV', 6),
(166, 56, 166, 'Communication Equipment', 'Kenwood TH-D72', 28),
(167, 56, 167, 'Weapon', 'Beretta M9', 40),
(168, 56, 168, 'Vehicle', 'Field Ambulance', 5),
(169, 57, 169, 'Communication Equipment', 'Motorola APX', 25),
(170, 57, 170, 'Weapon', 'M4 Carbine', 60),
(171, 57, 171, 'Vehicle', 'Light Armored Vehicle', 10),
(172, 58, 172, 'Communication Equipment', 'Kenwood NX-5000', 30),
(173, 58, 173, 'Weapon', 'M249 SAW', 40),
(174, 58, 174, 'Vehicle', 'MRAP', 8),
(175, 59, 175, 'Communication Equipment', 'Harris RF-3130', 22),
(176, 59, 176, 'Weapon', 'FN SCAR', 45),
(177, 59, 177, 'Vehicle', 'Tank', 12),
(178, 60, 178, 'Communication Equipment', 'Icom IC-7300', 35),
(179, 60, 179, 'Weapon', 'AK-47', 55),
(180, 60, 180, 'Vehicle', 'Armored Truck', 6);




INSERT INTO Missions (Mission_ID, Base_ID, Mission_Name, Start_Date, End_Date, Target, Soldires_lost, units_lost) VALUES
(1, 1, 'Operation Desert Shield', '2022-01-10', '2022-01-20', 'Terrorist Base', 5, 2),
(2, 1, 'Operation Freedom', '2022-02-15', '2022-02-25', 'Weapons Depot', 3, 1),
(3, 1, 'Operation Black Hawk', '2022-03-05', '2022-03-15', 'Supply Line', 1, 0),
(4, 2, 'Operation Silver Eagle', '2022-01-12', '2022-01-22', 'Enemy Camp', 4, 3),
(5, 2, 'Operation Iron Fist', '2022-02-18', '2022-02-28', 'Refugee Convoy', 2, 2),
(6, 2, 'Operation Silent Night', '2022-03-10', '2022-03-20', 'Communication Center', 0, 1),
(7, 3, 'Operation Rising Storm', '2022-01-20', '2022-01-30', 'Outpost', 6, 2),
(8, 3, 'Operation Steel Curtain', '2022-02-25', '2022-03-05', 'Supply Depot', 3, 0),
(9, 3, 'Operation Phantom Fury', '2022-03-12', '2022-03-22', 'High-Value Target', 1, 1),
(10, 4, 'Operation Quick Strike', '2022-01-15', '2022-01-25', 'Terrorist Hideout', 2, 1),
(11, 4, 'Operation Desert Fox', '2022-02-14', '2022-02-24', 'Rebel Base', 3, 2),
(12, 4, 'Operation Blackout', '2022-03-03', '2022-03-13', 'Logistics Hub', 0, 0),
(13, 5, 'Operation Blue Thunder', '2022-01-08', '2022-01-18', 'Supply Route', 4, 3),
(14, 5, 'Operation Green Light', '2022-02-20', '2022-03-02', 'Enemy Leader', 2, 1),
(15, 5, 'Operation Shadow Strike', '2022-03-01', '2022-03-11', 'Base Capture', 1, 1),
(16, 6, 'Operation Brave Heart', '2022-01-25', '2022-02-04', 'Weapons Cache', 5, 4),
(17, 6, 'Operation Red Dawn', '2022-02-10', '2022-02-20', 'Training Camp', 3, 1),
(18, 6, 'Operation Desert Storm', '2022-03-07', '2022-03-17', 'Civilian Area', 0, 2),
(19, 7, 'Operation Endless Night', '2022-01-30', '2022-02-09', 'Supply Lines', 2, 2),
(20, 7, 'Operation Safe Haven', '2022-02-16', '2022-02-26', 'Evacuation Zone', 1, 1),
(21, 7, 'Operation Viper Strike', '2022-03-04', '2022-03-14', 'High-Risk Target', 0, 0),
(22, 8, 'Operation Delta Force', '2022-01-14', '2022-01-24', 'Critical Location', 4, 1),
(23, 8, 'Operation Final Countdown', '2022-02-12', '2022-02-22', 'Key Infrastructure', 3, 2),
(24, 8, 'Operation Iron Shield', '2022-03-01', '2022-03-11', 'Intelligence Center', 1, 0),
(25, 9, 'Operation Thunder Strike', '2022-01-17', '2022-01-27', 'Enemy Outpost', 5, 2),
(26, 9, 'Operation Silent Guardian', '2022-02-22', '2022-03-04', 'Convoy Interception', 2, 1),
(27, 9, 'Operation Shadow Force', '2022-03-08', '2022-03-18', 'Enemy Command', 1, 1),
(28, 10, 'Operation Clear Sky', '2022-01-29', '2022-02-08', 'Supply Depot', 3, 3),
(29, 10, 'Operation Urban Fury', '2022-02-18', '2022-02-28', 'Enemy Stronghold', 4, 0),
(30, 10, 'Operation Night Watch', '2022-03-12', '2022-03-22', 'Main Base', 0, 0),
(31, 11, 'Operation Silver Lining', '2022-01-11', '2022-01-21', 'Recon Area', 2, 1),
(32, 11, 'Operation Iron Wall', '2022-02-19', '2022-03-01', 'Defense Point', 3, 2),
(33, 11, 'Operation Phantom Threat', '2022-03-05', '2022-03-15', 'High Ground', 1, 0),
(34, 12, 'Operation Rising Tide', '2022-01-13', '2022-01-23', 'Supply Line', 4, 3),
(35, 12, 'Operation Stealth Sweep', '2022-02-16', '2022-02-26', 'Enemy Network', 2, 1),
(36, 12, 'Operation Lightning Strike', '2022-03-09', '2022-03-19', 'Refugee Camp', 1, 2),
(37, 13, 'Operation Endless War', '2022-01-28', '2022-02-07', 'Enemy HQ', 5, 2),
(38, 13, 'Operation Final Mission', '2022-02-14', '2022-02-24', 'Artillery Position', 3, 1),
(39, 13, 'Operation Silent Victory', '2022-03-06', '2022-03-16', 'Logistics Base', 0, 0),
(40, 14, 'Operation Deep Strike', '2022-01-21', '2022-01-31', 'Supply Route', 2, 2),
(41, 14, 'Operation Shadow Night', '2022-02-23', '2022-03-05', 'Supply Center', 1, 1),
(42, 14, 'Operation Desert Watch', '2022-03-03', '2022-03-13', 'Refugee Zone', 0, 0),
(43, 15, 'Operation Blue Horizon', '2022-01-15', '2022-01-25', 'High-Value Target', 4, 3),
(44, 15, 'Operation Green Shield', '2022-02-20', '2022-03-02', 'Weapons Depot', 2, 1),
(45, 15, 'Operation Shadow Rescue', '2022-03-01', '2022-03-11', 'Supply Line', 1, 1),
(46, 16, 'Operation Brave Freedom', '2022-01-30', '2022-02-09', 'Key Infrastructure', 5, 4),
(47, 16, 'Operation Red Shield', '2022-02-10', '2022-02-20', 'Training Camp', 3, 1),
(48, 16, 'Operation Stormbreaker', '2022-03-07', '2022-03-17', 'Communication Hub', 0, 2),
(49, 17, 'Operation Silent Shadow', '2022-01-30', '2022-02-09', 'Terrorist Hideout', 2, 2),
(50, 17, 'Operation Viper Strike', '2022-02-16', '2022-02-26', 'Evacuation Zone', 1, 1),
(51, 17, 'Operation Steel Resolve', '2022-03-04', '2022-03-14', 'Supply Base', 0, 0),
(52, 18, 'Operation Delta Strike', '2022-01-14', '2022-01-24', 'Critical Location', 4, 1),
(53, 18, 'Operation Final Stand', '2022-02-12', '2022-02-22', 'Enemy Camp', 3, 2),
(54, 18, 'Operation Iron Eagle', '2022-03-01', '2022-03-11', 'Logistics Hub', 1, 0),
(55, 19, 'Operation Thunder Shield', '2022-01-17', '2022-01-27', 'Enemy Outpost', 5, 2),
(56, 19, 'Operation Silent Guardian', '2022-02-22', '2022-03-04', 'Convoy Interception', 2, 1),
(57, 19, 'Operation Shadow Strike', '2022-03-08', '2022-03-18', 'Enemy Command', 1, 1),
(58, 20, 'Operation Clear Sky', '2022-01-29', '2022-02-08', 'Supply Depot', 3, 3),
(59, 20, 'Operation Urban Fury', '2022-02-18', '2022-02-28', 'Enemy Stronghold', 4, 0),
(60, 20, 'Operation Night Watch', '2022-03-12', '2022-03-22', 'Main Base', 0, 0),
(61, 21, 'Operation Silver Horizon', '2022-01-11', '2022-01-21', 'Recon Area', 2, 1),
(62, 21, 'Operation Iron Fortress', '2022-02-19', '2022-03-01', 'Defense Point', 3, 2),
(63, 21, 'Operation Phantom Threat', '2022-03-05', '2022-03-15', 'High Ground', 1, 0),
(64, 22, 'Operation Rising Storm', '2022-01-13', '2022-01-23', 'Supply Line', 4, 3),
(65, 22, 'Operation Stealth Strike', '2022-02-16', '2022-02-26', 'Enemy Network', 2, 1),
(66, 22, 'Operation Lightning Bolt', '2022-03-09', '2022-03-19', 'Refugee Camp', 1, 2),
(67, 23, 'Operation Endless Assault', '2022-01-28', '2022-02-07', 'Enemy HQ', 5, 2),
(68, 23, 'Operation Final Countdown', '2022-02-14', '2022-02-24', 'Artillery Position', 3, 1),
(69, 23, 'Operation Silent Victory', '2022-03-06', '2022-03-16', 'Logistics Base', 0, 0),
(70, 24, 'Operation Deep Impact', '2022-01-21', '2022-01-31', 'Supply Route', 2, 2),
(71, 24, 'Operation Shadow Knight', '2022-02-23', '2022-03-05', 'Supply Center', 1, 1),
(72, 24, 'Operation Desert Guardian', '2022-03-03', '2022-03-13', 'Refugee Zone', 0, 0),
(73, 25, 'Operation Blue Dawn', '2022-01-15', '2022-01-25', 'High-Value Target', 4, 3),
(74, 25, 'Operation Green Watch', '2022-02-20', '2022-03-02', 'Weapons Depot', 2, 1),
(75, 25, 'Operation Shadow Rescue', '2022-03-01', '2022-03-11', 'Supply Line', 1, 1),
(76, 26, 'Operation Brave Legacy', '2022-01-30', '2022-02-09', 'Key Infrastructure', 5, 4),
(77, 26, 'Operation Red Fury', '2022-02-10', '2022-02-20', 'Training Camp', 3, 1),
(78, 26, 'Operation Stormwatch', '2022-03-07', '2022-03-17', 'Communication Hub', 0, 2),
(79, 27, 'Operation Silent Nightfall', '2022-01-30', '2022-02-09', 'Terrorist Hideout', 2, 2),
(80, 27, 'Operation Viper Strike', '2022-02-16', '2022-02-26', 'Evacuation Zone', 1, 1),
(81, 27, 'Operation Steel Hammer', '2022-03-04', '2022-03-14', 'Supply Base', 0, 0),
(82, 28, 'Operation Delta Thunder', '2022-01-14', '2022-01-24', 'Critical Location', 4, 1),
(83, 28, 'Operation Final Charge', '2022-02-12', '2022-02-22', 'Enemy Camp', 3, 2),
(84, 28, 'Operation Iron Sentinel', '2022-03-01', '2022-03-11', 'Logistics Hub', 1, 0),
(85, 29, 'Operation Thunder Bolt', '2022-01-17', '2022-01-27', 'Enemy Outpost', 5, 2),
(86, 29, 'Operation Silent Protect', '2022-02-22', '2022-03-04', 'Convoy Interception', 2, 1),
(87, 29, 'Operation Shadow Force', '2022-03-08', '2022-03-18', 'Enemy Command', 1, 1),
(88, 30, 'Operation Clear Horizon', '2022-01-29', '2022-02-08', 'Supply Depot', 3, 3),
(89, 30, 'Operation Urban Shield', '2022-02-18', '2022-02-28', 'Enemy Stronghold', 4, 0),
(90, 30, 'Operation Night Guard', '2022-03-12', '2022-03-22', 'Main Base', 0, 0),
(91, 31, 'Operation Silver Watch', '2022-01-11', '2022-01-21', 'Recon Area', 2, 1),
(92, 31, 'Operation Iron Bastion', '2022-02-19', '2022-03-01', 'Defense Point', 3, 2),
(93, 31, 'Operation Phantom Menace', '2022-03-05', '2022-03-15', 'High Ground', 1, 0),
(94, 32, 'Operation Rising Phoenix', '2022-01-13', '2022-01-23', 'Supply Line', 4, 3),
(95, 32, 'Operation Stealth Hawk', '2022-02-16', '2022-02-26', 'Enemy Network', 2, 1),
(96, 32, 'Operation Lightning Storm', '2022-03-09', '2022-03-19', 'Refugee Camp', 1, 2),
(97, 33, 'Operation Endless War', '2022-01-28', '2022-02-07', 'Enemy HQ', 5, 2),
(98, 33, 'Operation Final Approach', '2022-02-14', '2022-02-24', 'Artillery Position', 3, 1),
(99, 33, 'Operation Silent Victory', '2022-03-06', '2022-03-16', 'Logistics Base', 0, 0),
(100, 34, 'Operation Deep Strike', '2022-01-21', '2022-01-31', 'Supply Route', 2, 2),
(101, 34, 'Operation Shadow Force', '2022-02-23', '2022-03-05', 'Supply Center', 1, 1),
(102, 34, 'Operation Desert Storm', '2022-03-03', '2022-03-13', 'Refugee Zone', 0, 0),
(103, 35, 'Operation Blue Night', '2022-01-15', '2022-01-25', 'High-Value Target', 4, 3),
(104, 35, 'Operation Green Shield', '2022-02-20', '2022-03-02', 'Weapons Depot', 2, 1),
(105, 35, 'Operation Shadow Rescue', '2022-03-01', '2022-03-11', 'Supply Line', 1, 1),
(106, 36, 'Operation Brave New World', '2022-01-30', '2022-02-09', 'Key Infrastructure', 5, 4),
(107, 36, 'Operation Red Dawn', '2022-02-10', '2022-02-20', 'Training Camp', 3, 1),
(108, 36, 'Operation Stormborn', '2022-03-07', '2022-03-17', 'Communication Hub', 0, 2),
(109, 37, 'Operation Silent Echo', '2022-01-30', '2022-02-09', 'Terrorist Hideout', 2, 2),
(110, 37, 'Operation Viper Strike', '2022-02-16', '2022-02-26', 'Evacuation Zone', 1, 1),
(111, 37, 'Operation Steel Thunder', '2022-03-04', '2022-03-14', 'Supply Base', 0, 0),
(112, 38, 'Operation Delta Force', '2022-01-14', '2022-01-24', 'Critical Location', 4, 1),
(113, 38, 'Operation Final Countdown', '2022-02-12', '2022-02-22', 'Enemy Camp', 3, 2),
(114, 38, 'Operation Iron Eagle', '2022-03-01', '2022-03-11', 'Logistics Hub', 1, 0),
(115, 39, 'Operation Thunder Strike', '2022-01-17', '2022-01-27', 'Enemy Outpost', 5, 2),
(116, 39, 'Operation Silent Guardian', '2022-02-22', '2022-03-04', 'Convoy Interception', 2, 1),
(117, 39, 'Operation Shadow Force', '2022-03-08', '2022-03-18', 'Enemy Command', 1, 1),
(118, 40, 'Operation Clear Horizon', '2022-01-29', '2022-02-08', 'Supply Depot', 3, 3),
(119, 40, 'Operation Urban Shield', '2022-02-18', '2022-02-28', 'Enemy Stronghold', 4, 0),
(120, 40, 'Operation Night Guard', '2022-03-12', '2022-03-22', 'Main Base', 0, 0),
(121, 41, 'Operation Silver Dawn', '2022-01-11', '2022-01-21', 'Recon Area', 2, 1),
(122, 41, 'Operation Iron Fortress', '2022-02-19', '2022-03-01', 'Defense Point', 3, 2),
(123, 41, 'Operation Phantom Menace', '2022-03-05', '2022-03-15', 'High Ground', 1, 0),
(124, 42, 'Operation Rising Phoenix', '2022-01-13', '2022-01-23', 'Supply Line', 4, 3),
(125, 42, 'Operation Stealth Hawk', '2022-02-16', '2022-02-26', 'Enemy Network', 2, 1),
(126, 42, 'Operation Lightning Storm', '2022-03-09', '2022-03-19', 'Refugee Camp', 1, 2),
(127, 43, 'Operation Endless Conflict', '2022-01-28', '2022-02-07', 'Enemy HQ', 5, 2),
(128, 43, 'Operation Final Approach', '2022-02-14', '2022-02-24', 'Artillery Position', 3, 1),
(129, 43, 'Operation Silent Victory', '2022-03-06', '2022-03-16', 'Logistics Base', 0, 0),
(130, 44, 'Operation Deep Strike', '2022-01-21', '2022-01-31', 'Supply Route', 2, 2),
(131, 44, 'Operation Shadow Force', '2022-02-23', '2022-03-05', 'Supply Center', 1, 1),
(132, 44, 'Operation Desert Storm', '2022-03-03', '2022-03-13', 'Refugee Zone', 0, 0),
(133, 45, 'Operation Blue Night', '2022-01-15', '2022-01-25', 'High-Value Target', 4, 3),
(134, 45, 'Operation Green Shield', '2022-02-20', '2022-03-02', 'Weapons Depot', 2, 1),
(135, 45, 'Operation Shadow Rescue', '2022-03-01', '2022-03-11', 'Supply Line', 1, 1),
(136, 46, 'Operation Brave New World', '2022-01-30', '2022-02-09', 'Key Infrastructure', 5, 4),
(137, 46, 'Operation Red Dawn', '2022-02-10', '2022-02-20', 'Training Camp', 3, 1),
(138, 46, 'Operation Stormborn', '2022-03-07', '2022-03-17', 'Communication Hub', 0, 2),
(139, 47, 'Operation Silent Echo', '2022-01-30', '2022-02-09', 'Terrorist Hideout', 2, 2),
(140, 47, 'Operation Viper Strike', '2022-02-16', '2022-02-26', 'Evacuation Zone', 1, 1),
(141, 47, 'Operation Steel Thunder', '2022-03-04', '2022-03-14', 'Supply Base', 0, 0),
(142, 48, 'Operation Delta Force', '2022-01-14', '2022-01-24', 'Critical Location', 4, 1),
(143, 48, 'Operation Final Countdown', '2022-02-12', '2022-02-22', 'Enemy Camp', 3, 2),
(144, 48, 'Operation Iron Eagle', '2022-03-01', '2022-03-11', 'Logistics Hub', 1, 0),
(145, 49, 'Operation Thunder Strike', '2022-01-17', '2022-01-27', 'Enemy Outpost', 5, 2),
(146, 49, 'Operation Silent Guardian', '2022-02-22', '2022-03-04', 'Convoy Interception', 2, 1),
(147, 49, 'Operation Shadow Force', '2022-03-08', '2022-03-18', 'Enemy Command', 1, 1),
(148, 50, 'Operation Clear Horizon', '2022-01-29', '2022-02-08', 'Supply Depot', 3, 3),
(149, 50, 'Operation Urban Shield', '2022-02-18', '2022-02-28', 'Enemy Stronghold', 4, 0),
(150, 50, 'Operation Night Guard', '2022-03-12', '2022-03-22', 'Main Base', 0, 0),
(151, 51, 'Operation Silver Dawn', '2022-01-11', '2022-01-21', 'Recon Area', 2, 1),
(152, 51, 'Operation Iron Fortress', '2022-02-19', '2022-03-01', 'Defense Point', 3, 2),
(153, 51, 'Operation Phantom Menace', '2022-03-05', '2022-03-15', 'High Ground', 1, 0),
(154, 52, 'Operation Rising Phoenix', '2022-01-13', '2022-01-23', 'Supply Line', 4, 3),
(155, 52, 'Operation Stealth Hawk', '2022-02-16', '2022-02-26', 'Enemy Network', 2, 1),
(156, 52, 'Operation Lightning Storm', '2022-03-09', '2022-03-19', 'Refugee Camp', 1, 2),
(157, 53, 'Operation Endless Conflict', '2022-01-28', '2022-02-07', 'Enemy HQ', 5, 2),
(158, 53, 'Operation Final Approach', '2022-02-14', '2022-02-24', 'Artillery Position', 3, 1),
(159, 53, 'Operation Silent Victory', '2022-03-06', '2022-03-16', 'Logistics Base', 0, 0),
(160, 54, 'Operation Deep Strike', '2022-01-21', '2022-01-31', 'Supply Route', 2, 2),
(161, 54, 'Operation Shadow Force', '2022-02-23', '2022-03-05', 'Supply Center', 1, 1),
(162, 54, 'Operation Desert Storm', '2022-03-03', '2022-03-13', 'Refugee Zone', 0, 0),
(163, 55, 'Operation Blue Night', '2022-01-15', '2022-01-25', 'High-Value Target', 4, 3),
(164, 55, 'Operation Green Shield', '2022-02-20', '2022-03-02', 'Weapons Depot', 2, 1),
(165, 55, 'Operation Shadow Rescue', '2022-03-01', '2022-03-11', 'Supply Line', 1, 1),
(166, 56, 'Operation Brave New World', '2022-01-30', '2022-02-09', 'Key Infrastructure', 5, 4),
(167, 56, 'Operation Red Dawn', '2022-02-10', '2022-02-20', 'Training Camp', 3, 1),
(168, 56, 'Operation Stormborn', '2022-03-07', '2022-03-17', 'Communication Hub', 0, 2),
(169, 57, 'Operation Silent Echo', '2022-01-30', '2022-02-09', 'Terrorist Hideout', 2, 2),
(170, 57, 'Operation Viper Strike', '2022-02-16', '2022-02-26', 'Evacuation Zone', 1, 1),
(171, 57, 'Operation Steel Thunder', '2022-03-04', '2022-03-14', 'Supply Base', 0, 0),
(172, 58, 'Operation Delta Force', '2022-01-14', '2022-01-24', 'Critical Location', 4, 1),
(173, 58, 'Operation Final Countdown', '2022-02-12', '2022-02-22', 'Enemy Camp', 3, 2),
(174, 58, 'Operation Iron Eagle', '2022-03-01', '2022-03-11', 'Logistics Hub', 1, 0),
(175, 59, 'Operation Thunder Strike', '2022-01-17', '2022-01-27', 'Enemy Outpost', 5, 2),
(176, 59, 'Operation Silent Guardian', '2022-02-22', '2022-03-04', 'Convoy Interception', 2, 1),
(177, 59, 'Operation Shadow Force', '2022-03-08', '2022-03-18', 'Enemy Command', 1, 1),
(178, 60, 'Operation Clear Horizon', '2022-01-29', '2022-02-08', 'Supply Depot', 3, 3),
(179, 60, 'Operation Urban Shield', '2022-02-18', '2022-02-28', 'Enemy Stronghold', 4, 0),
(180, 60, 'Operation Night Guard', '2022-03-12', '2022-03-22', 'Main Base', 0, 0);




INSERT INTO Tasks (Task_ID, Soldire_ID, Unit_ID, Mission_ID, Task_Name, Description, Status) VALUES
(1, 1, 1, 1, 'Recon', 'Conduct reconnaissance in the area.', 'Pending'),
(2, 1, 3, 2, 'Secure', 'Secure the perimeter.', 'In Progress'),
(3, 2, 2, 3, 'Assault', 'Assault the enemy position.', 'Pending'),
(4, 4, 4, 4, 'Supply Run', 'Deliver supplies to the front line.', 'Completed'),
(5, 4, 6, 5, 'Patrol', 'Patrol the designated area.', 'Pending'),
(6, 4, 6, 6, 'Intel Gathering', 'Gather intelligence on enemy movements.', 'In Progress'),
(7, 5, 9, 7, 'Defend', 'Defend the outpost.', 'Pending'),
(8, 6, 9, 8, 'Evacuate', 'Evacuate the civilians from the area.', 'Completed'),
(9, 5, 9, 9, 'Ambush', 'Set up an ambush for the enemy.', 'Pending'),
(10, 7, 11, 10, 'Recon', 'Conduct a reconnaissance mission.', 'In Progress'),
(11, 7, 12, 11, 'Sniper', 'Provide sniper support from a concealed position.', 'Pending'),
(12, 7, 10, 12, 'Resupply', 'Resupply the troops.', 'Completed'),
(13, 9, 15, 13, 'Clear Area', 'Clear the area of threats.', 'Pending'),
(14, 10, 15, 14, 'Scout', 'Scout ahead for enemy presence.', 'In Progress'),
(15, 10, 14, 15, 'Extract', 'Extract team members safely.', 'Pending'),
(16, 11, 18, 16, 'Engage', 'Engage with the enemy.', 'Completed'),
(17, 11, 18, 17, 'Support', 'Provide support to allied forces.', 'Pending'),
(18, 12, 18, 18, 'Hold Position', 'Hold the position at all costs.', 'In Progress'),
(19, 13, 20, 19, 'Search and Destroy', 'Locate and destroy enemy equipment.', 'Pending'),
(20, 14, 20, 20, 'Fortify', 'Fortify the defenses of the base.', 'Completed'),
(21, 13, 21, 21, 'Covert Operation', 'Conduct a covert operation behind enemy lines.', 'Pending'),
(22, 15, 23, 22, 'Rescue Mission', 'Rescue captured soldiers.', 'In Progress'),
(23, 15, 24, 23, 'Demolition', 'Demolish the enemy’s supplies.', 'Pending'),
(24, 16, 22, 24, 'Investigation', 'Investigate suspicious activities.', 'Completed'),
(25, 17, 26, 25, 'Intercept', 'Intercept enemy communications.', 'Pending'),
(26, 18, 27, 26, 'Coordinate', 'Coordinate with other units.', 'In Progress'),
(27, 18, 26, 27, 'Patrol', 'Patrol the border.', 'Pending'),
(28, 19, 30, 28, 'Resupply', 'Ensure supply lines are secure.', 'Completed'),
(29, 20, 30, 29, 'Capture', 'Capture enemy prisoners.', 'Pending'),
(30, 19, 29, 30, 'Ambush', 'Set an ambush for enemy patrols.', 'In Progress'),
(31, 21, 33, 31, 'Recon', 'Conduct aerial reconnaissance.', 'Pending'),
(32, 21, 31, 32, 'Assist', 'Assist local forces.', 'Completed'),
(33, 22, 32, 33, 'Guard', 'Guard the VIP.', 'Pending'),
(34, 23, 36, 34, 'Evacuate', 'Evacuate the injured.', 'In Progress'),
(35, 24, 34, 35, 'Establish Base', 'Establish a forward operating base.', 'Pending'),
(36, 24, 35, 36, 'Blockade', 'Set up a blockade against enemy supply routes.', 'Completed'),
(37, 25, 37, 37, 'Spy', 'Infiltrate the enemy camp.', 'Pending'),
(38, 25, 38, 38, 'Scout', 'Scout the enemy’s position.', 'In Progress'),
(39, 25, 39, 39, 'Engage', 'Engage the enemy forces.', 'Pending'),
(40, 27, 42, 40, 'Rescue', 'Rescue hostages from the enemy.', 'Completed'),
(41, 27, 41, 41, 'Patrol', 'Patrol the waterways.', 'Pending'),
(42, 27, 40, 42, 'Secure', 'Secure the high ground.', 'In Progress'),
(43, 29, 45, 43, 'Monitor', 'Monitor enemy activities.', 'Pending'),
(44, 29, 45, 44, 'Support', 'Provide air support.', 'Completed'),
(45, 30, 43, 45, 'Clear Building', 'Clear the building of threats.', 'Pending'),
(46, 31, 48, 46, 'Checkpoints', 'Set up checkpoints.', 'In Progress'),
(47, 32, 48, 47, 'Train', 'Train local forces.', 'Pending'),
(48, 32, 47, 48, 'Assist', 'Assist in local governance.', 'Completed'),
(49, 33, 50, 49, 'Deploy', 'Deploy troops to the front.', 'Pending'),
(50, 33, 50, 50, 'Secure Area', 'Secure the area from enemy incursion.', 'In Progress'),
(51, 33, 50, 51, 'Engage', 'Engage enemy artillery.', 'Pending'),
(52, 35, 54, 52, 'Hold Line', 'Hold the front line.', 'Completed'),
(53, 36, 53, 53, 'Rescue', 'Rescue local civilians.', 'Pending'),
(54, 36, 54, 54, 'Demolish', 'Demolish enemy strongholds.', 'In Progress'),
(55, 37, 55, 55, 'Intercept', 'Intercept enemy supply lines.', 'Pending'),
(56, 37, 57, 56, 'Support', 'Provide support to allied units.', 'Completed'),
(57, 38, 56, 57, 'Assault', 'Assault enemy fortifications.', 'Pending'),
(58, 39, 58, 58, 'Recon', 'Conduct recon ahead of the main force.', 'In Progress'),
(59, 40, 59, 59, 'Clear Area', 'Clear the area for evacuation.', 'Pending'),
(60, 40, 60, 60, 'Evacuate', 'Evacuate friendly forces.', 'Completed'),
(61, 41, 63, 61, 'Guard', 'Guard the supply route.', 'Pending'),
(62, 41, 61, 62, 'Secure', 'Secure the perimeter.', 'In Progress'),
(63, 41, 62, 63, 'Assist', 'Assist in a joint operation.', 'Pending'),
(64, 44, 66, 64, 'Demolish', 'Demolish enemy fortifications.', 'Completed'),
(65, 44, 66, 65, 'Scout', 'Scout the forest area.', 'Pending'),
(66, 44, 64, 66, 'Monitor', 'Monitor movements at the border.', 'In Progress'),
(67, 45, 69, 67, 'Train', 'Train new recruits.', 'Pending'),
(68, 45, 69, 68, 'Execute', 'Execute the operation plan.', 'Completed'),
(69, 46, 68, 69, 'Fortify', 'Fortify defensive positions.', 'Pending'),
(70, 47, 71, 70, 'Supply', 'Ensure supply levels are adequate.', 'In Progress'),
(71, 47, 70, 71, 'Intercept', 'Intercept enemy patrols.', 'Pending'),
(72, 48, 72, 72, 'Protect', 'Protect civilian structures.', 'Completed'),
(73, 49, 73, 73, 'Deploy', 'Deploy units for the operation.', 'Pending'),
(74, 49, 74, 74, 'Patrol', 'Patrol key access points.', 'In Progress'),
(75, 49, 75, 75, 'Recon', 'Conduct thorough reconnaissance.', 'Pending'),
(76, 51, 77, 76, 'Assist', 'Assist in logistics.', 'Completed'),
(77, 51, 78, 77, 'Engage', 'Engage the enemy on sight.', 'Pending'),
(78, 52, 76, 78, 'Support', 'Provide support to ground forces.', 'In Progress'),
(79, 53, 80, 79, 'Secure', 'Secure the area from threats.', 'Pending'),
(80, 53, 80, 80, 'Evacuate', 'Evacuate non-combatants.', 'Completed'),
(81, 54, 80, 81, 'Clear Area', 'Clear the designated area.', 'Pending'),
(82, 55, 84, 82, 'Defend', 'Defend the key locations.', 'In Progress'),
(83, 56, 82, 83, 'Train', 'Train for advanced tactics.', 'Pending'),
(84, 56, 83, 84, 'Support', 'Provide backup for the mission.', 'Completed'),
(85, 57, 86, 85, 'Recon', 'Conduct nighttime recon.', 'Pending'),
(86, 58, 87, 86, 'Assist', 'Assist in medical evacuation.', 'In Progress'),
(87, 58, 85, 87, 'Engage', 'Engage enemies at long range.', 'Pending'),
(88, 60, 90, 88, 'Secure', 'Secure the landing zone.', 'Completed'),
(89, 60, 89, 89, 'Support', 'Provide artillery support.', 'Pending'),
(90, 60, 88, 90, 'Patrol', 'Conduct a patrol on the coast.', 'In Progress'),
(91, 61, 93, 91, 'Intercept', 'Intercept enemy communications.', 'Pending'),
(92, 62, 92, 92, 'Clear Area', 'Clear area for landing.', 'Completed'),
(93, 62, 91, 93, 'Evacuate', 'Evacuate stranded civilians.', 'Pending'),
(94, 63, 96, 94, 'Demolish', 'Demolish old structures.', 'In Progress'),
(95, 64, 95, 95, 'Engage', 'Engage enemy convoys.', 'Pending'),
(96, 64, 95, 96, 'Monitor', 'Monitor the area for threats.', 'Completed'),
(97, 65, 99, 97, 'Secure', 'Secure communications.', 'Pending'),
(98, 65, 99, 98, 'Assist', 'Assist in humanitarian efforts.', 'In Progress'),
(99, 66, 98, 99, 'Train', 'Train allied forces.', 'Pending'),
(100, 67, 100, 100, 'Prepare', 'Prepare for next mission.', 'Completed'),
(101, 68, 101, 101, 'Patrol', 'Patrol the river.', 'Pending'),
(102, 68, 101, 102, 'Secure', 'Secure the drop-off point.', 'In Progress'),
(103, 69, 103, 103, 'Recon', 'Conduct aerial surveillance.', 'Pending'),
(104, 69, 103, 104, 'Assist', 'Assist in ground operations.', 'Completed'),
(105, 69, 105, 105, 'Engage', 'Engage in close combat.', 'Pending'),
(106, 71, 108, 106, 'Clear Area', 'Clear area for rescue operations.', 'In Progress'),
(107, 71, 106, 107, 'Guard', 'Guard the perimeter.', 'Pending'),
(108, 72, 107, 108, 'Support', 'Provide support for extraction.', 'Completed'),
(109, 73, 111, 109, 'Secure', 'Secure critical assets.', 'Pending'),
(110, 74, 111, 110, 'Evacuate', 'Evacuate personnel from danger.', 'In Progress'),
(111, 74, 111, 111, 'Train', 'Train for urban warfare.', 'Pending'),
(112, 76, 114, 112, 'Engage', 'Engage enemy forces.', 'Completed'),
(113, 75, 113, 113, 'Support', 'Support operations with intel.', 'Pending'),
(114, 76, 112, 114, 'Patrol', 'Conduct night patrols.', 'In Progress'),
(115, 77, 117, 115, 'Recon', 'Conduct reconnaissance on enemy HQ.', 'Pending'),
(116, 78, 116, 116, 'Demolish', 'Demolish enemy defenses.', 'Completed'),
(117, 77, 115, 117, 'Secure', 'Secure the retreat route.', 'Pending'),
(118, 79, 120, 118, 'Engage', 'Engage hostiles.', 'In Progress'),
(119, 79, 120, 119, 'Support', 'Provide backup for the mission.', 'Pending'),
(120, 80, 118, 120, 'Evacuate', 'Evacuate remaining forces.', 'Completed'),
(121, 81, 121, 121, 'Train', 'Conduct training sessions.', 'Pending'),
(122, 81, 122, 122, 'Engage', 'Engage in tactical drills.', 'In Progress'),
(123, 82, 123, 123, 'Monitor', 'Monitor communications.', 'Pending'),
(124, 83, 125, 124, 'Assist', 'Assist in logistics.', 'Completed'),
(125, 84, 125, 125, 'Secure', 'Secure the airfield.', 'Pending'),
(126, 83, 124, 126, 'Guard', 'Guard against potential threats.', 'In Progress'),
(127, 85, 127, 127, 'Demolish', 'Demolish enemy infrastructure.', 'Pending'),
(128, 85, 129, 128, 'Rescue', 'Rescue hostages.', 'Completed'),
(129, 85, 128, 129, 'Recon', 'Conduct recon of enemy positions.', 'Pending'),
(130, 87, 130, 130, 'Engage', 'Engage in direct combat.', 'In Progress'),
(131, 87, 132, 131, 'Train', 'Train for emergency response.', 'Pending'),
(132, 88, 131, 132, 'Assist', 'Assist in civilian evacuations.', 'Completed'),
(133, 89, 134, 133, 'Evacuate', 'Evacuate civilians from the area.', 'Pending'),
(134, 89, 133, 134, 'Secure', 'Secure the landing zone.', 'In Progress'),
(135, 89, 135, 135, 'Patrol', 'Patrol the coast for intrusions.', 'Pending'),
(136, 91, 136, 136, 'Support', 'Support allied forces.', 'Completed'),
(137, 91, 138, 137, 'Engage', 'Engage with local insurgents.', 'Pending'),
(138, 92, 137, 138, 'Monitor', 'Monitor enemy movements.', 'In Progress'),
(139, 93, 141, 139, 'Train', 'Conduct tactical training.', 'Pending'),
(140, 94, 140, 140, 'Assist', 'Assist in supply deliveries.', 'Completed'),
(141, 93, 139, 141, 'Evacuate', 'Evacuate injured personnel.', 'Pending'),
(142, 96, 144, 142, 'Secure', 'Secure supply routes.', 'In Progress'),
(143, 96, 143, 143, 'Clear Area', 'Clear the area of threats.', 'Pending'),
(144, 96, 142, 144, 'Support', 'Support local government.', 'Completed'),
(145, 97, 147, 145, 'Intercept', 'Intercept enemy communication lines.', 'Pending'),
(146, 97, 146, 146, 'Recon', 'Conduct reconnaissance on enemy movement.', 'In Progress'),
(147, 98, 147, 147, 'Guard', 'Guard the supply convoy.', 'Pending'),
(148, 100, 150, 148, 'Patrol', 'Conduct patrol around the base.', 'Completed'),
(149, 100, 150, 149, 'Support', 'Provide support for local police.', 'Pending'),
(150, 100, 148, 150, 'Train', 'Train local forces.', 'In Progress'),
(151, 101, 151, 151, 'Assist', 'Assist in humanitarian missions.', 'Pending'),
(152, 102, 152, 152, 'Engage', 'Engage in peacekeeping missions.', 'Completed'),
(153, 101, 153, 153, 'Secure', 'Secure the main road.', 'Pending'),
(154, 104, 156, 154, 'Monitor', 'Monitor the situation closely.', 'In Progress'),
(155, 103, 155, 155, 'Evacuate', 'Evacuate at-risk civilians.', 'Pending'),
(156, 104, 154, 156, 'Train', 'Train local volunteers.', 'Completed'),
(157, 106, 159, 157, 'Guard', 'Guard the diplomatic convoy.', 'Pending'),
(158, 106, 157, 158, 'Engage', 'Engage threats when necessary.', 'In Progress'),
(159, 105, 159, 159, 'Assist', 'Assist in community relations.', 'Pending'),
(160, 107, 162, 160, 'Clear Area', 'Clear the area for resettlement.', 'Completed'),
(161, 108, 162, 161, 'Secure', 'Secure critical infrastructure.', 'Pending'),
(162, 108, 161, 162, 'Monitor', 'Monitor enemy presence.', 'In Progress'),
(163, 109, 165, 163, 'Engage', 'Engage local hostiles.', 'Pending'),
(164, 110, 164, 164, 'Train', 'Train for rapid response.', 'Completed'),
(165, 110, 163, 165, 'Patrol', 'Conduct evening patrols.', 'Pending'),
(166, 111, 168, 166, 'Support', 'Provide support during operations.', 'In Progress'),
(167, 111, 167, 167, 'Evacuate', 'Evacuate personnel safely.', 'Pending'),
(168, 111, 167, 168, 'Recon', 'Conduct reconnaissance in urban areas.', 'Completed'),
(169, 114, 171, 169, 'Clear Area', 'Clear buildings for inspections.', 'Pending'),
(170, 114, 170, 170, 'Assist', 'Assist in disaster recovery.', 'In Progress'),
(171, 114, 169, 171, 'Secure', 'Secure vulnerable locations.', 'Pending'),
(172, 115, 172, 172, 'Train', 'Train for advanced tactics.', 'Completed'),
(173, 116, 173, 173, 'Engage', 'Engage in negotiations.', 'Pending'),
(174, 115, 172, 174, 'Support', 'Support diplomatic efforts.', 'In Progress'),
(175, 117, 177, 175, 'Patrol', 'Patrol for suspicious activity.', 'Pending'),
(176, 118, 176, 176, 'Clear Area', 'Clear the area for inspections.', 'Completed'),
(177, 118, 175, 177, 'Engage', 'Engage in search and rescue.', 'Pending'),
(178, 119, 180, 178, 'Secure', 'Secure local landmarks.', 'In Progress'),
(179, 120, 180, 179, 'Assist', 'Assist in stabilization efforts.', 'Pending'),
(180, 120, 179, 180, 'Train', 'Train local emergency responders.', 'Completed');



INSERT INTO Reports (Report_ID, Reporter_ID, Mission_ID, Reporter_Name, Report_Date, Content) VALUES
(1, 1, 1, 'Alice', '2024-01-01', 'Report content for mission 1.'),
(2, 1, 2, 'Alice', '2024-01-02', 'Report content for mission 2.'),
(3, 2, 3, 'Bob', '2024-01-03', 'Report content for mission 3.'),
(4, 4, 4, 'Charlie', '2024-01-04', 'Report content for mission 4.'),
(5, 4, 5, 'Charlie', '2024-01-05', 'Report content for mission 5.'),
(6, 4, 6, 'Charlie', '2024-01-06', 'Report content for mission 6.'),
(7, 5, 7, 'David', '2024-01-07', 'Report content for mission 7.'),
(8, 6, 8, 'Eve', '2024-01-08', 'Report content for mission 8.'),
(9, 5, 9, 'David', '2024-01-09', 'Report content for mission 9.'),
(10, 7, 10, 'Frank', '2024-01-10', 'Report content for mission 10.'),
(11, 7, 11, 'Frank', '2024-01-11', 'Report content for mission 11.'),
(12, 7, 12, 'Frank', '2024-01-12', 'Report content for mission 12.'),
(13, 9, 13, 'Grace', '2024-01-13', 'Report content for mission 13.'),
(14, 10, 14, 'Hannah', '2024-01-14', 'Report content for mission 14.'),
(15, 10, 15, 'Hannah', '2024-01-15', 'Report content for mission 15.'),
(16, 11, 16, 'Ivy', '2024-01-16', 'Report content for mission 16.'),
(17, 11, 17, 'Ivy', '2024-01-17', 'Report content for mission 17.'),
(18, 12, 18, 'Jack', '2024-01-18', 'Report content for mission 18.'),
(19, 13, 19, 'Karen', '2024-01-19', 'Report content for mission 19.'),
(20, 14, 20, 'Leo', '2024-01-20', 'Report content for mission 20.'),
(21, 13, 21, 'Alice', '2024-01-21', 'Report content for mission 21.'),
(22, 15, 22, 'Alice', '2024-01-22', 'Report content for mission 22.'),
(23, 15, 23, 'Bob', '2024-01-23', 'Report content for mission 23.'),
(24, 16, 24, 'Charlie', '2024-01-24', 'Report content for mission 24.'),
(25, 17, 25, 'Charlie', '2024-01-25', 'Report content for mission 25.'),
(26, 18, 26, 'David', '2024-01-26', 'Report content for mission 26.'),
(27, 18, 27, 'Eve', '2024-01-27', 'Report content for mission 27.'),
(28, 19, 28, 'Frank', '2024-01-28', 'Report content for mission 28.'),
(29, 20, 29, 'David', '2024-01-29', 'Report content for mission 29.'),
(30, 19, 30, 'Grace', '2024-01-30', 'Report content for mission 30.'),
(31, 21, 31, 'Hannah', '2024-01-31', 'Report content for mission 31.'),
(32, 21, 32, 'Hannah', '2024-02-01', 'Report content for mission 32.'),
(33, 22, 33, 'Ivy', '2024-02-02', 'Report content for mission 33.'),
(34, 23, 34, 'Jack', '2024-02-03', 'Report content for mission 34.'),
(35, 24, 35, 'Karen', '2024-02-04', 'Report content for mission 35.'),
(36, 24, 36, 'Leo', '2024-02-05', 'Report content for mission 36.'),
(37, 25, 37, 'Leo', '2024-02-06', 'Report content for mission 37.'),
(38, 25, 38, 'Alice', '2024-02-07', 'Report content for mission 38.'),
(39, 25, 39, 'Bob', '2024-02-08', 'Report content for mission 39.'),
(40, 27, 40, 'Charlie', '2024-02-09', 'Report content for mission 40.'),
(41, 27, 41, 'David', '2024-02-10', 'Report content for mission 41.'),
(42, 27, 42, 'David', '2024-02-11', 'Report content for mission 42.'),
(43, 29, 43, 'Eve', '2024-02-12', 'Report content for mission 43.'),
(44, 29, 44, 'Eve', '2024-02-13', 'Report content for mission 44.'),
(45, 30, 45, 'Frank', '2024-02-14', 'Report content for mission 45.'),
(46, 31, 46, 'Grace', '2024-02-15', 'Report content for mission 46.'),
(47, 32, 47, 'Hannah', '2024-02-16', 'Report content for mission 47.'),
(48, 32, 48, 'Alice', '2024-02-17', 'Report content for mission 48.'),
(49, 33, 49, 'Alice', '2024-02-18', 'Report content for mission 49.'),
(50, 33, 50, 'Bob', '2024-02-19', 'Report content for mission 50.'),
(51, 33, 51, 'Charlie', '2024-02-20', 'Report content for mission 51.'),
(52, 35, 52, 'David', '2024-02-21', 'Report content for mission 52.'),
(53, 36, 53, 'David', '2024-02-22', 'Report content for mission 53.'),
(54, 36, 54, 'Eve', '2024-02-23', 'Report content for mission 54.'),
(55, 37, 55, 'Frank', '2024-02-24', 'Report content for mission 55.'),
(56, 37, 56, 'David', '2024-02-25', 'Report content for mission 56.'),
(57, 38, 57, 'Grace', '2024-02-26', 'Report content for mission 57.'),
(58, 39, 58, 'Hannah', '2024-02-27', 'Report content for mission 58.'),
(59, 40, 59, 'Hannah', '2024-02-28', 'Report content for mission 59.'),
(60, 40, 60, 'Ivy', '2024-02-29', 'Report content for mission 60.'),
(61, 41, 61, 'Jack', '2024-03-01', 'Report content for mission 61.'),
(62, 41, 62, 'Karen', '2024-03-02', 'Report content for mission 62.'),
(63, 41, 63, 'Leo', '2024-03-03', 'Report content for mission 63.'),
(64, 44, 64, 'Alice', '2024-03-04', 'Report content for mission 64.'),
(65, 44, 65, 'Bob', '2024-03-05', 'Report content for mission 65.'),
(66, 44, 66, 'Charlie', '2024-03-06', 'Report content for mission 66.'),
(67, 45, 67, 'David', '2024-03-07', 'Report content for mission 67.'),
(68, 45, 68, 'David', '2024-03-08', 'Report content for mission 68.'),
(69, 46, 69, 'Eve', '2024-03-09', 'Report content for mission 69.'),
(70, 47, 70, 'Eve', '2024-03-10', 'Report content for mission 70.'),
(71, 47, 71, 'Frank', '2024-03-11', 'Report content for mission 71.'),
(72, 48, 72, 'Grace', '2024-03-12', 'Report content for mission 72.'),
(73, 49, 73, 'Hannah', '2024-03-13', 'Report content for mission 73.'),
(74, 49 74, 'Alice', '2024-03-14', 'Report content for mission 74.'),
(75, 49, 75, 'Alice', '2024-03-15', 'Report content for mission 75.'),
(76, 51, 76, 'Bob', '2024-03-16', 'Report content for mission 76.'),
(77, 51, 77, 'Charlie', '2024-03-17', 'Report content for mission 77.'),
(78, 52, 78, 'David', '2024-03-18', 'Report content for mission 78.'),
(79, 53, 79, 'David', '2024-03-19', 'Report content for mission 79.'),
(80, 53, 80, 'Eve', '2024-03-20', 'Report content for mission 80.'),
(81, 54, 81, 'Frank', '2024-03-21', 'Report content for mission 81.'),
(82, 55, 82, 'David', '2024-03-22', 'Report content for mission 82.'),
(83, 56, 83, 'Grace', '2024-03-23', 'Report content for mission 83.'),
(84, 56, 84, 'Hannah', '2024-03-24', 'Report content for mission 84.'),
(85, 57, 85, 'Hannah', '2024-03-25', 'Report content for mission 85.'),
(86, 58, 86, 'Ivy', '2024-03-26', 'Report content for mission 86.'),
(87, 58, 87, 'Jack', '2024-03-27', 'Report content for mission 87.'),
(88, 60, 88, 'Karen', '2024-03-28', 'Report content for mission 88.'),
(89, 60, 89, 'Leo', '2024-03-29', 'Report content for mission 89.'),
(90, 60, 90, 'Alice', '2024-03-30', 'Report content for mission 90.'),
(91, 61, 91, 'Bob', '2024-03-31', 'Report content for mission 91.'),
(92, 62, 92, 'Charlie', '2024-04-01', 'Report content for mission 92.'),
(93, 62, 93, 'David', '2024-04-02', 'Report content for mission 93.'),
(94, 63, 94, 'David', '2024-04-03', 'Report content for mission 94.'),
(95, 64, 95, 'Eve', '2024-04-04', 'Report content for mission 95.'),
(96, 64, 96, 'Eve', '2024-04-05', 'Report content for mission 96.'),
(97, 65, 97, 'Frank', '2024-04-06', 'Report content for mission 97.'),
(98, 65, 98, 'Grace', '2024-04-07', 'Report content for mission 98.'),
(99, 66, 99, 'Hannah', '2024-04-08', 'Report content for mission 99.'),
(100, 67, 100, 'Alice', '2024-04-09', 'Report content for mission 100.'),
(101, 68, 101, 'Alice', '2024-04-10', 'Report content for mission 101.'),
(102, 68, 102, 'Bob', '2024-04-11', 'Report content for mission 102.'),
(103, 69, 103, 'Charlie', '2024-04-12', 'Report content for mission 103.'),
(104, 69, 104, 'David', '2024-04-13', 'Report content for mission 104.'),
(105, 69, 105, 'David', '2024-04-14', 'Report content for mission 105.'),
(106, 71, 106, 'Eve', '2024-04-15', 'Report content for mission 106.'),
(107, 71, 107, 'Frank', '2024-04-16', 'Report content for mission 107.'),
(108, 72, 108, 'David', '2024-04-17', 'Report content for mission 108.'),
(109, 73, 109, 'Grace', '2024-04-18', 'Report content for mission 109.'),
(110, 74, 110, 'Hannah', '2024-04-19', 'Report content for mission 110.'),
(111, 74, 111, 'Hannah', '2024-04-20', 'Report content for mission 111.'),
(112, 76, 112, 'Ivy', '2024-04-21', 'Report content for mission 112.'),
(113, 75, 113, 'Jack', '2024-04-22', 'Report content for mission 113.'),
(114, 76, 114, 'Karen', '2024-04-23', 'Report content for mission 114.'),
(115, 77, 115, 'Leo', '2024-04-24', 'Report content for mission 115.'),
(116, 78, 116, 'Alice', '2024-04-25', 'Report content for mission 116.'),
(117, 77, 117, 'Bob', '2024-04-26', 'Report content for mission 117.'),
(118, 79, 118, 'Charlie', '2024-04-27', 'Report content for mission 118.'),
(119, 79, 119, 'David', '2024-04-28', 'Report content for mission 119.'),
(120, 80, 120, 'David', '2024-04-29', 'Report content for mission 120.'),
(121, 81, 121, 'Eve', '2024-04-30', 'Report content for mission 121.'),
(122, 81, 122, 'Eve', '2024-05-01', 'Report content for mission 122.'),
(123, 82, 123, 'Frank', '2024-05-02', 'Report content for mission 123.'),
(124, 83, 124, 'Grace', '2024-05-03', 'Report content for mission 124.'),
(125, 84, 125, 'Hannah', '2024-05-04', 'Report content for mission 125.'),
(126, 83, 126, 'Alice', '2024-05-05', 'Report content for mission 126.'),
(127, 85, 127, 'Alice', '2024-05-06', 'Report content for mission 127.'),
(128, 85, 128, 'Bob', '2024-05-07', 'Report content for mission 128.'),
(129, 85, 129, 'Charlie', '2024-05-08', 'Report content for mission 129.'),
(130, 87, 130, 'David', '2024-05-09', 'Report content for mission 130.'),
(131, 87, 131, 'David', '2024-05-10', 'Report content for mission 131.'),
(132, 88, 132, 'Eve', '2024-05-11', 'Report content for mission 132.'),
(133, 89, 133, 'Frank', '2024-05-12', 'Report content for mission 133.'),
(134, 89, 134, 'David', '2024-05-13', 'Report content for mission 134.'),
(135, 89, 135, 'Grace', '2024-05-14', 'Report content for mission 135.'),
(136, 91, 136, 'Hannah', '2024-05-15', 'Report content for mission 136.'),
(137, 91, 137, 'Hannah', '2024-05-16', 'Report content for mission 137.'),
(138, 92, 138, 'Ivy', '2024-05-17', 'Report content for mission 138.'),
(139, 93, 139, 'Jack', '2024-05-18', 'Report content for mission 139.'),
(140, 94, 140, 'Karen', '2024-05-19', 'Report content for mission 140.'),
(141, 93, 141, 'Leo', '2024-05-20', 'Report content for mission 141.'),
(142, 96, 142, 'Alice', '2024-05-21', 'Report content for mission 142.'),
(143, 96, 143, 'Bob', '2024-05-22', 'Report content for mission 143.'),
(144, 96, 144, 'Charlie', '2024-05-23', 'Report content for mission 144.'),
(145, 97, 145, 'David', '2024-05-24', 'Report content for mission 145.'),
(146, 97, 146, 'David', '2024-05-25', 'Report content for mission 146.'),
(147, 98, 147, 'Eve', '2024-05-26', 'Report content for mission 147.'),
(148, 100, 148, 'Eve', '2024-05-27', 'Report content for mission 148.'),
(149, 100, 149, 'Frank', '2024-05-28', 'Report content for mission 149.'),
(150, 100, 150, 'Grace', '2024-05-29', 'Report content for mission 150.'),
(151, 101, 151, 'Hannah', '2024-05-30', 'Report content for mission 151.'),
(152, 102, 152, 'Alice', '2024-05-31', 'Report content for mission 152.'),
(153, 101, 153, 'Alice', '2024-06-01', 'Report content for mission 153.'),
(154, 104, 154, 'Bob', '2024-06-02', 'Report content for mission 154.'),
(155, 103, 155, 'Charlie', '2024-06-03', 'Report content for mission 155.'),
(156, 104, 156, 'David', '2024-06-04', 'Report content for mission 156.'),
(157, 106, 157, 'David', '2024-06-05', 'Report content for mission 157.'),
(158, 106, 158, 'Eve', '2024-06-06', 'Report content for mission 158.'),
(159, 105, 159, 'Frank', '2024-06-07', 'Report content for mission 159.'),
(160, 107, 160, 'David', '2024-06-08', 'Report content for mission 160.'),
(161, 108, 161, 'Grace', '2024-06-09', 'Report content for mission 161.'),
(162, 108, 162, 'Hannah', '2024-06-10', 'Report content for mission 162.'),
(163, 109, 163, 'Hannah', '2024-06-11', 'Report content for mission 163.'),
(164, 110, 164, 'Ivy', '2024-06-12', 'Report content for mission 164.'),
(165, 110, 165, 'Jack', '2024-06-13', 'Report content for mission 165.'),
(166, 111, 166, 'Karen', '2024-06-14', 'Report content for mission 166.'),
(167, 111, 167, 'Leo', '2024-06-15', 'Report content for mission 167.'),
(168, 111, 168, 'Alice', '2024-06-16', 'Report content for mission 168.'),
(169, 114, 169, 'Bob', '2024-06-17', 'Report content for mission 169.'),
(170, 114, 170, 'Charlie', '2024-06-18', 'Report content for mission 170.'),
(171, 114, 171, 'David', '2024-06-19', 'Report content for mission 171.'),
(172, 115, 172, 'David', '2024-06-20', 'Report content for mission 172.'),
(173, 116, 173, 'Eve', '2024-06-21', 'Report content for mission 173.'),
(174, 115, 174, 'Eve', '2024-06-22', 'Report content for mission 174.'),
(175, 117, 175, 'Frank', '2024-06-23', 'Report content for mission 175.'),
(176, 118, 176, 'Grace', '2024-06-24', 'Report content for mission 176.'),
(177, 118, 177, 'Hannah', '2024-06-25', 'Report content for mission 177.'),
(178, 119, 178, 'Alice', '2024-06-26', 'Report content for mission 178.'),
(179, 120, 179, 'Alice', '2024-06-27', 'Report content for mission 179.'),
(180, 120, 180, 'Bob', '2024-06-28', 'Report content for mission 180.');




INSERT INTO Permissions (Permission_ID, Soldire_ID, Permission_type, Start_Date) VALUES
(1, 1, 'Annual Leave', '2024-01-01'),
(2, 1, 'Sick Leave', '2024-01-15'),
(3, 2, 'Annual Leave', '2024-01-02'),
(4, 2, 'Sick Leave', '2024-01-16'),
(5, 3, 'Annual Leave', '2024-01-03'),
(6, 3, 'Sick Leave', '2024-01-17'),
(7, 4, 'Annual Leave', '2024-01-04'),
(8, 4, 'Sick Leave', '2024-01-18'),
(9, 5, 'Annual Leave', '2024-01-05'),
(10, 5, 'Annual Leave', '2024-01-19'),
(11, 6, 'Annual Leave', '2024-01-06'),
(12, 6, 'Annual Leave', '2024-01-20'),
(13, 7, 'Annual Leave', '2024-01-07'),
(14, 7, 'Annual Leave', '2024-01-21'),
(15, 8, 'Annual Leave', '2023-01-08'),
(16, 8, 'Sick Leave', '2024-01-22'),
(17, 9, 'Annual Leave', '2024-01-09'),
(18, 9, 'Sick Leave', '2024-01-23'),
(19, 10, 'Annual Leave', '2024-01-10'),
(20, 10, 'Sick Leave', '2024-01-24'),
(21, 11, 'Annual Leave', '2024-01-11'),
(22, 11, 'Sick Leave', '2024-01-25'),
(23, 12, 'Annual Leave', '2024-01-12'),
(24, 12, 'Sick Leave', '2024-01-26'),
(25, 13, 'Annual Leave', '2024-01-13'),
(26, 13, 'Annual Leave', '2024-01-27'),
(27, 14, 'Annual Leave', '2024-01-14'),
(28, 14, 'Sick Leave', '2024-01-28'),
(29, 15, 'Annual Leave', '2024-01-15'),
(30, 15, 'Annual Leave', '2024-01-29'),
(31, 16, 'Annual Leave', '2024-01-16'),
(32, 16, 'Sick Leave', '2024-01-30'),
(33, 17, 'Annual Leave', '2024-01-17'),
(34, 17, 'Annual Leave', '2024-01-31'),
(35, 18, 'Annual Leave', '2024-01-18'),
(36, 18, 'Sick Leave', '2024-02-01'),
(37, 19, 'Annual Leave', '2024-01-19'),
(38, 19, 'Sick Leave', '2024-02-02'),
(39, 20, 'Annual Leave', '2024-01-20'),
(40, 20, 'Sick Leave', '2024-02-03'),
(41, 21, 'Annual Leave', '2024-01-21'),
(42, 21, 'Sick Leave', '2024-02-04'),
(43, 22, 'Annual Leave', '2024-01-22'),
(44, 22, 'Sick Leave', '2024-02-05'),
(45, 23, 'Annual Leave', '2024-01-23'),
(46, 23, 'Annual Leave', '2024-02-06'),
(47, 24, 'Annual Leave', '2024-01-24'),
(48, 24, 'Sick Leave', '2024-02-07'),
(49, 25, 'Annual Leave', '2024-01-25'),
(50, 25, 'Annual Leave', '2024-02-08'),
(51, 26, 'Annual Leave', '2024-01-26'),
(52, 26, 'Sick Leave', '2024-02-09'),
(53, 27, 'Annual Leave', '2024-01-27'),
(54, 27, 'Annual Leave', '2024-02-10'),
(55, 28, 'Annual Leave', '2024-01-28'),
(56, 28, 'Sick Leave', '2024-02-11'),
(57, 29, 'Annual Leave', '2024-01-29'),
(58, 29, 'Sick Leave', '2024-02-12'),
(59, 30, 'Annual Leave', '2024-01-30'),
(60, 30, 'Sick Leave', '2024-02-13'),
(61, 31, 'Annual Leave', '2024-01-31'),
(62, 31, 'Sick Leave', '2024-02-14'),
(63, 32, 'Annual Leave', '2024-02-01'),
(64, 32, 'Annual Leave', '2024-02-15'),
(65, 33, 'Annual Leave', '2024-02-02'),
(66, 33, 'Sick Leave', '2024-02-16'),
(67, 34, 'Annual Leave', '2023-02-03'),
(68, 34, 'Annual Leave', '2023-02-17'),
(69, 35, 'Annual Leave', '2023-02-04'),
(70, 35, 'Sick Leave', '2024-02-18'),
(71, 36, 'Annual Leave', '2024-02-05'),
(72, 36, 'Sick Leave', '2024-02-19'),
(73, 37, 'Sick Leave', '2024-02-06'),
(74, 37, 'Sick Leave', '2024-02-20'),
(75, 38, 'Annual Leave', '2024-02-07'),
(76, 38, 'Sick Leave', '2024-02-21'),
(77, 39, 'Sick Leave', '2024-02-08'),
(78, 39, 'Sick Leave', '2024-02-22'),
(79, 40, 'Sick Leave', '2024-02-09'),
(80, 40, 'Sick Leave', '2024-02-23'),
(81, 41, 'Annual Leave', '2024-02-10'),
(82, 41, 'Sick Leave', '2024-02-24'),
(83, 42, 'Annual Leave', '2024-02-11'),
(84, 42, 'Sick Leave', '2024-02-25'),
(85, 43, 'Annual Leave', '2024-02-12'),
(86, 43, 'Sick Leave', '2024-02-26'),
(87, 44, 'Annual Leave', '2024-02-13'),
(88, 44, 'Sick Leave', '2024-02-27'),
(89, 45, 'Sick Leave', '2024-02-14'),
(90, 45, 'Sick Leave', '2024-02-28'),
(91, 46, 'Sick Leave', '2024-02-15'),
(92, 46, 'Sick Leave', '2024-02-29'),
(93, 47, 'Annual Leave', '2024-02-16'),
(94, 47, 'Sick Leave', '2024-03-01'),
(95, 48, 'Sick Leave', '2024-02-17'),
(96, 48, 'Sick Leave', '2024-03-02'),
(97, 49, 'Annual Leave', '2024-02-18'),
(98, 49, 'Sick Leave', '2024-03-03'),
(99, 50, 'Annual Leave', '2024-02-19'),
(100, 50, 'Sick Leave', '2024-03-04'),
(101, 51, 'Annual Leave', '2024-02-20'),
(102, 51, 'Sick Leave', '2024-03-05'),
(103, 52, 'Annual Leave', '2024-02-21'),
(104, 52, 'Sick Leave', '2024-03-06'),
(105, 53, 'Sick Leave', '2024-02-22'),
(106, 53, 'Sick Leave', '2024-03-07'),
(107, 54, 'Sick Leave', '2024-02-23'),
(108, 54, 'Sick Leave', '2024-03-08'),
(109, 55, 'Annual Leave', '2024-02-24'),
(110, 55, 'Sick Leave', '2024-03-09'),
(111, 56, 'Annual Leave', '2024-02-25'),
(112, 56, 'Sick Leave', '2024-03-10'),
(113, 57, 'Annual Leave', '2024-02-26'),
(114, 57, 'Sick Leave', '2024-03-11'),
(115, 58, 'Annual Leave', '2024-02-27'),
(116, 58, 'Sick Leave', '2024-03-12'),
(117, 59, 'Annual Leave', '2024-02-28'),
(118, 59, 'Sick Leave', '2024-03-13'),
(119, 60, 'Annual Leave', '2024-02-29'),
(120, 60, 'Sick Leave', '2024-03-14'),
(121, 61, 'Annual Leave', '2024-03-01'),
(122, 61, 'Sick Leave', '2024-03-15'),
(123, 62, 'Annual Leave', '2024-03-02'),
(124, 62, 'Sick Leave', '2024-03-16'),
(125, 63, 'Sick Leave', '2024-03-03'),
(126, 63, 'Sick Leave', '2024-03-17'),
(127, 64, 'Sick Leave', '2024-03-04'),
(128, 64, 'Sick Leave', '2024-03-18'),
(129, 65, 'Annual Leave', '2024-03-05'),
(130, 65, 'Sick Leave', '2024-03-19'),
(131, 66, 'Annual Leave', '2024-03-06'),
(132, 66, 'Sick Leave', '2024-03-20'),
(133, 67, 'Annual Leave', '2024-03-07'),
(134, 67, 'Sick Leave', '2024-03-21'),
(135, 68, 'Annual Leave', '2024-03-08'),
(136, 68, 'Sick Leave', '2024-03-22'),
(137, 69, 'Annual Leave', '2024-03-09'),
(138, 69, 'Sick Leave', '2024-03-23'),
(139, 70, 'Annual Leave', '2024-03-10'),
(140, 70, 'Sick Leave', '2024-03-24'),
(141, 71, 'Sick Leave', '2024-03-11'),
(142, 71, 'Sick Leave', '2024-03-25'),
(143, 72, 'Annual Leave', '2024-03-12'),
(144, 72, 'Sick Leave', '2024-03-26'),
(145, 73, 'Annual Leave', '2024-03-13'),
(146, 73, 'Sick Leave', '2024-03-27'),
(147, 74, 'Annual Leave', '2024-03-14'),
(148, 74, 'Sick Leave', '2024-03-28'),
(149, 75, 'Annual Leave', '2024-03-15'),
(150, 75, 'Sick Leave', '2024-03-29'),
(151, 76, 'Annual Leave', '2024-03-16'),
(152, 76, 'Sick Leave', '2024-03-30'),
(153, 77, 'Annual Leave', '2024-03-17'),
(154, 77, 'Sick Leave', '2024-03-31'),
(155, 78, 'Annual Leave', '2024-03-18'),
(156, 78, 'Sick Leave', '2024-04-01'),
(157, 79, 'Annual Leave', '2024-03-19'),
(158, 79, 'Sick Leave', '2024-04-02'),
(159, 80, 'Annual Leave', '2024-03-20'),
(160, 80, 'Sick Leave', '2024-04-03'),
(161, 81, 'Annual Leave', '2024-03-21'),
(162, 81, 'Sick Leave', '2024-04-04'),
(163, 82, 'Annual Leave', '2024-03-22'),
(164, 82, 'Sick Leave', '2023-04-05'),
(165, 83, 'Annual Leave', '2023-03-23'),
(166, 83, 'Sick Leave', '2023-04-06'),
(167, 84, 'Annual Leave', '2023-03-24'),
(168, 84, 'Sick Leave', '2023-04-07'),
(169, 85, 'Sick Leave', '2023-03-25'),
(170, 85, 'Sick Leave', '2023-04-08'),
(171, 86, 'Annual Leave', '2023-03-26'),
(172, 86, 'Annual Leave', '2023-04-09'),
(173, 87, 'Annual Leave', '2023-03-27'),
(174, 87, 'Annual Leave', '2023-04-10'),
(175, 88, 'Annual Leave', '2023-03-28'),
(176, 88, 'Annual Leave', '2023-04-11'),
(177, 89, 'Annual Leave', '2023-03-29'),
(178, 89, 'Sick Leave', '2024-04-12'),
(179, 90, 'Annual Leave', '2024-03-30'),
(180, 90, 'Sick Leave', '2024-04-13'),
(181, 91, 'Annual Leave', '2024-03-31'),
(182, 91, 'Sick Leave', '2024-04-14'),
(183, 92, 'Annual Leave', '2024-04-01'),
(184, 92, 'Sick Leave', '2024-04-15'),
(185, 93, 'Annual Leave', '2024-04-02'),
(186, 93, 'Sick Leave', '2024-04-16'),
(187, 94, 'Annual Leave', '2024-04-03'),
(188, 94, 'Sick Leave', '2024-04-17'),
(189, 95, 'Annual Leave', '2024-04-04'),
(190, 95, 'Sick Leave', '2024-04-18'),
(191, 96, 'Annual Leave', '2024-04-05'),
(192, 96, 'Sick Leave', '2024-04-19'),
(193, 97, 'Annual Leave', '2024-04-06'),
(194, 97, 'Sick Leave', '2024-04-20'),
(195, 98, 'Annual Leave', '2024-04-07'),
(196, 98, 'Sick Leave', '2024-04-21'),
(197, 99, 'Annual Leave', '2024-04-08'),
(198, 99, 'Annual Leave', '2024-04-22'),
(199, 100, 'Annual Leave', '2024-04-09'),
(200, 100, 'Annual Leave', '2024-04-23'),
(201, 101, 'Annual Leave', '2024-04-10'),
(202, 101, 'Annual Leave', '2024-04-24'),
(203, 102, 'Annual Leave', '2024-04-11'),
(204, 102, 'Sick Leave', '2024-04-25'),
(205, 103, 'Annual Leave', '2024-04-12'),
(206, 103, 'Sick Leave', '2024-04-26'),
(207, 104, 'Annual Leave', '2024-04-13'),
(208, 104, 'Sick Leave', '2024-04-27'),
(209, 105, 'Annual Leave', '2024-04-14'),
(210, 105, 'Sick Leave', '2024-04-28'),
(211, 106, 'Annual Leave', '2024-04-15'),
(212, 106, 'Sick Leave', '2024-04-29'),
(213, 107, 'Annual Leave', '2024-04-16'),
(214, 107, 'Sick Leave', '2024-04-30'),
(215, 108, 'Annual Leave', '2024-04-17'),
(216, 108, 'Sick Leave', '2024-05-01'),
(217, 109, 'Annual Leave', '2024-04-18'),
(218, 109, 'Sick Leave', '2024-05-02'),
(219, 110, 'Annual Leave', '2024-04-19'),
(220, 110, 'Sick Leave', '2024-05-03'),
(221, 111, 'Annual Leave', '2024-04-20'),
(222, 111, 'Sick Leave', '2024-05-04'),
(223, 112, 'Annual Leave', '2024-04-21'),
(224, 112, 'Sick Leave', '2024-05-05'),
(225, 113, 'Annual Leave', '2025-04-22'),
(226, 113, 'Sick Leave', '2025-05-06'),
(227, 114, 'Annual Leave', '2025-04-23'),
(228, 114, 'Sick Leave', '2024-05-07'),
(229, 115, 'Annual Leave', '2025-04-24'),
(230, 115, 'Sick Leave', '2024-05-08'),
(231, 116, 'Annual Leave', '2024-04-25'),
(232, 116, 'Sick Leave', '2024-05-09'),
(233, 117, 'Annual Leave', '2024-04-26'),
(234, 117, 'Sick Leave', '2024-05-10'),
(235, 118, 'Annual Leave', '2024-04-27'),
(236, 118, 'Sick Leave', '2025-05-11'),
(237, 119, 'Annual Leave', '2025-04-28'),
(238, 119, 'Sick Leave', '2025-05-12'),
(239, 120, 'Annual Leave', '2025-04-29'),
(240, 120, 'Sick Leave', '2024-05-13');






INSERT INTO Attendance (Attendance_ID, Soldire_ID, Date, Status) VALUES
(1, 1, '2024-01-01', true),
(2, 1, '2024-01-02', false),
(3, 2, '2024-01-01', true),
(4, 2, '2024-01-02', false),
(5, 3, '2024-01-01', true),
(6, 3, '2024-01-02', false),
(7, 4, '2024-01-01', true),
(8, 4, '2024-01-02', false),
(9, 5, '2024-01-01', true),
(10, 5, '2024-01-02', false),
(11, 6, '2024-01-01', true),
(12, 6, '2024-01-02', false),
(13, 7, '2024-01-01', true),
(14, 7, '2024-01-02', false),
(15, 8, '2024-01-01', true),
(16, 8, '2024-01-02', false),
(17, 9, '2024-01-01', true),
(18, 9, '2024-01-02', false),
(19, 10, '2024-01-01', true),
(20, 10, '2024-01-02', true),
(21, 11, '2024-01-01', true),
(22, 11, '2024-01-02', false),
(23, 12, '2024-01-01', true),
(24, 12, '2024-01-02', true),
(25, 13, '2024-01-01', true),
(26, 13, '2024-01-02', true),
(27, 14, '2024-01-01', true),
(28, 14, '2024-01-02', true),
(29, 15, '2024-01-01', true),
(30, 15, '2024-01-02', false),
(31, 16, '2024-01-01', true),
(32, 16, '2024-01-02', false),
(33, 17, '2024-01-01', true),
(34, 17, '2024-01-02', false),
(35, 18, '2024-01-01', true),
(36, 18, '2024-01-02', false),
(37, 19, '2024-01-01', true),
(38, 19, '2024-01-02', false),
(39, 20, '2024-01-01', true),
(40, 20, '2024-01-02', false),
(41, 21, '2024-01-01', false),
(42, 21, '2024-01-02', false),
(43, 22, '2024-01-01', false),
(44, 22, '2024-01-02', false),
(45, 23, '2024-01-01', false),
(46, 23, '2024-01-02', false),
(47, 24, '2024-01-01', false),
(48, 24, '2024-01-02', false),
(49, 25, '2024-01-01', false),
(50, 25, '2024-01-02', false),
(51, 26, '2024-01-01', false),
(52, 26, '2024-01-02', false),
(53, 27, '2024-01-01', false),
(54, 27, '2024-01-02', false),
(55, 28, '2024-01-01', false),
(56, 28, '2024-01-02', false),
(57, 29, '2024-01-01', true),
(58, 29, '2024-01-02', false),
(59, 30, '2024-01-01', true),
(60, 30, '2024-01-02', true),
(61, 31, '2024-01-01', true),
(62, 31, '2024-01-02', true),
(63, 32, '2024-01-01', true),
(64, 32, '2024-01-02', true),
(65, 33, '2024-01-01', true),
(66, 33, '2024-01-02', true),
(67, 34, '2024-01-01', true),
(68, 34, '2024-01-02', true),
(69, 35, '2024-01-01', true),
(70, 35, '2024-01-02', true),
(71, 36, '2024-01-01', true),
(72, 36, '2024-01-02', true),
(73, 37, '2024-01-01', true),
(74, 37, '2024-01-02', false),
(75, 38, '2024-01-01', true),
(76, 38, '2024-01-02', false),
(77, 39, '2024-01-01', true),
(78, 39, '2024-01-02', false),
(79, 40, '2024-01-01', true),
(80, 40, '2024-01-02', false),
(81, 41, '2024-01-01', true),
(82, 41, '2024-01-02', false),
(83, 42, '2024-01-01', true),
(84, 42, '2024-01-02', false),
(85, 43, '2024-01-01', false),
(86, 43, '2024-01-02', false),
(87, 44, '2024-01-01', false),
(88, 44, '2024-01-02', false),
(89, 45, '2024-01-01', false),
(90, 45, '2024-01-02', false),
(91, 46, '2024-01-01', false),
(92, 46, '2024-01-02', false),
(93, 47, '2024-01-01', true),
(94, 47, '2024-01-02', false),
(95, 48, '2024-01-01', true),
(96, 48, '2024-01-02', false),
(97, 49, '2024-01-01', true),
(98, 49, '2024-01-02', false),
(99, 50, '2024-01-01', true),
(100, 50, '2024-01-02', false),
(101, 51, '2024-01-01', true),
(102, 51, '2024-01-02', false),
(103, 52, '2024-01-01', true),
(104, 52, '2024-01-02', false),
(105, 53, '2024-01-01', false),
(106, 53, '2024-01-02', false),
(107, 54, '2024-01-01', false),
(108, 54, '2024-01-02', false),
(109, 55, '2024-01-01', false),
(110, 55, '2024-01-02', false),
(111, 56, '2024-01-01', true),
(112, 56, '2024-01-02', false),
(113, 57, '2024-01-01', true),
(114, 57, '2024-01-02', false),
(115, 58, '2024-01-01', true),
(116, 58, '2024-01-02', false),
(117, 59, '2024-01-01', false),
(118, 59, '2024-01-02', false),
(119, 60, '2024-01-01', false),
(120, 60, '2024-01-02', false),
(121, 61, '2024-01-01', false),
(122, 61, '2024-01-02', false),
(123, 62, '2024-01-01', false),
(124, 62, '2024-01-02', false),
(125, 63, '2024-01-01', true),
(126, 63, '2024-01-02', false),
(127, 64, '2024-01-01', true),
(128, 64, '2024-01-02', false),
(129, 65, '2024-01-01', true),
(130, 65, '2024-01-02', false),
(131, 66, '2024-01-01', true),
(132, 66, '2024-01-02', false),
(133, 67, '2024-01-01', true),
(134, 67, '2024-01-02', false),
(135, 68, '2024-01-01', true),
(136, 68, '2024-01-02', false),
(137, 69, '2024-01-01', true),
(138, 69, '2024-01-02', false),
(139, 70, '2024-01-01', true),
(140, 70, '2024-01-02', false),
(141, 71, '2024-01-01', true),
(142, 71, '2024-01-02', false),
(143, 72, '2024-01-01', true),
(144, 72, '2024-01-02', false),
(145, 73, '2024-01-01', true),
(146, 73, '2024-01-02', false),
(147, 74, '2024-01-01', true),
(148, 74, '2024-01-02', false),
(149, 75, '2024-01-01', true),
(150, 75, '2024-01-02', false),
(151, 76, '2024-01-01', true),
(152, 76, '2024-01-02', true),
(153, 77, '2024-01-01', true),
(154, 77, '2024-01-02', true),
(155, 78, '2024-01-01', true),
(156, 78, '2024-01-02', true),
(157, 79, '2024-01-01', true),
(158, 79, '2024-01-02', false),
(159, 80, '2024-01-01', true),
(160, 80, '2024-01-02', false),
(161, 81, '2024-01-01', true),
(162, 81, '2024-01-02', true),
(163, 82, '2024-01-01', true),
(164, 82, '2024-01-02', false),
(165, 83, '2024-01-01', true),
(166, 83, '2024-01-02', false),
(167, 84, '2024-01-01', true),
(168, 84, '2024-01-02', false),
(169, 85, '2024-01-01', true),
(170, 85, '2024-01-02', true),
(171, 86, '2024-01-01', true),
(172, 86, '2024-01-02', true),
(173, 87, '2024-01-01', true),
(174, 87, '2024-01-02', true),
(175, 88, '2024-01-01', true),
(176, 88, '2024-01-02', true),
(177, 89, '2024-01-01', true),
(178, 89, '2024-01-02', false),
(179, 90, '2024-01-01', true),
(180, 90, '2024-01-02', false),
(181, 91, '2024-01-01', false),
(182, 91, '2024-01-02', false),
(183, 92, '2024-01-01', false),
(184, 92, '2024-01-02', false),
(185, 93, '2024-01-01', true),
(186, 93, '2024-01-02', false),
(187, 94, '2024-01-01', false),
(188, 94, '2024-01-02', false),
(189, 95, '2024-01-01', false),
(190, 95, '2024-01-02', false),
(191, 96, '2024-01-01', true),
(192, 96, '2024-01-02', false),
(193, 97, '2024-01-01', false),
(194, 97, '2024-01-02', false),
(195, 98, '2024-01-01', true),
(196, 98, '2024-01-02', false),
(197, 99, '2024-01-01', true),
(198, 99, '2024-01-02', false),
(199, 100, '2024-01-01', true),
(200, 100, '2024-01-02', false),
(201, 101, '2024-01-01', true),
(202, 101, '2024-01-02', false),
(203, 102, '2024-01-01', false),
(204, 102, '2024-01-02', false),
(205, 103, '2024-01-01', false),
(206, 103, '2024-01-02', false),
(207, 104, '2024-01-01', false),
(208, 104, '2024-01-02', false),
(209, 105, '2024-01-01', false),
(210, 105, '2024-01-02', false),
(211, 106, '2024-01-01', true),
(212, 106, '2024-01-02', false),
(213, 107, '2024-01-01', true),
(214, 107, '2024-01-02', false),
(215, 108, '2024-01-01', false),
(216, 108, '2024-01-02', false),
(217, 109, '2024-01-01', false),
(218, 109, '2024-01-02', false),
(219, 110, '2024-01-01', true),
(220, 110, '2024-01-02', false),
(221, 111, '2024-01-01', false),
(222, 111, '2024-01-02', false),
(223, 112, '2024-01-01', false),
(224, 112, '2024-01-02', false),
(225, 113, '2024-01-01', true),
(226, 113, '2024-01-02', false),
(227, 114, '2024-01-01', true),
(228, 114, '2024-01-02', false),
(229, 115, '2024-01-01', true),
(230, 115, '2024-01-02', false),
(231, 116, '2024-01-01', true),
(232, 116, '2024-01-02', false),
(233, 117, '2024-01-01', false),
(234, 117, '2024-01-02', false),
(235, 118, '2024-01-01', false),
(236, 118, '2024-01-02', false),
(237, 119, '2024-01-01', true),
(238, 119, '2024-01-02', false),
(239, 120, '2024-01-01', true),
(240, 120, '2024-01-02', false);
